timestamp,cpu,instance,util,util_roll_mean,util_roll_std,util_roll_z,util_diff_1,util_pct_change,hour,dow
2025-08-14 21:54:01+00:00,0.0,ctdev9306.clonetab.com,1.0,0.34988888888894715,0.5630131322065055,-0.5761657492001937,-0.9758333333331393,-0.9758333333331393,21,3
2025-08-14 21:55:01+00:00,0.0,ctdev9306.clonetab.com,0.024166666666860737,0.34988888888894715,0.5630131322065055,-0.5761657492001937,-0.9758333333331393,-0.9758333333331393,21,3
2025-08-14 21:56:01+00:00,0.0,ctdev9306.clonetab.com,0.02549999999998065,0.34988888888894715,0.5630131322065055,-0.5761657492001937,0.0013333333331199126,0.0551724137838292,21,3
2025-08-14 21:57:01+00:00,0.0,ctdev9306.clonetab.com,0.024500000000019395,0.2685416666667152,0.48763921801308474,-0.5004553625865134,-0.000999999999961254,-0.03921568627302008,21,3
2025-08-14 21:58:01+00:00,0.0,ctdev9306.clonetab.com,0.02549999999998065,0.21993333333336826,0.43607092950062426,-0.44587546594149796,0.000999999999961254,0.04081632652899847,21,3
2025-08-14 21:59:01+00:00,0.0,ctdev9306.clonetab.com,0.026333333333119935,0.1876666666666602,0.39796119297126625,-0.40539965235050546,0.0008333333331392856,0.032679738554506566,21,3
2025-08-14 22:00:01+00:00,0.0,ctdev9306.clonetab.com,0.027666666666724904,0.1648095238095266,0.36828621403703726,-0.37238117581343394,0.001333333333604969,0.050632911403130754,22,3
2025-08-14 22:01:01+00:00,0.0,ctdev9306.clonetab.com,0.04366666666658903,0.1496666666666594,0.3436463205838165,-0.30845666188254733,0.015999999999864123,0.5783132530059196,22,3
2025-08-14 22:02:01+00:00,0.0,ctdev9306.clonetab.com,0.021333333333313886,0.13540740740739882,0.32428557278431475,-0.3517704151218977,-0.02233333333327514,-0.511450381678966,22,3
2025-08-14 22:03:01+00:00,0.0,ctdev9306.clonetab.com,0.017166666666647235,0.12358333333332365,0.3080172879748145,-0.3454892545527678,-0.004166666666666652,-0.1953125000001773,22,3
2025-08-14 22:04:01+00:00,0.0,ctdev9306.clonetab.com,0.021333333333313886,0.1142878787878682,0.2938326818948102,-0.316351951360917,0.004166666666666652,0.24271844660221564,22,3
2025-08-14 22:05:01+00:00,0.0,ctdev9306.clonetab.com,0.01900000000023283,0.10634722222223192,0.28150562419999126,-0.3102858756991863,-0.0023333333330810557,-0.10937499998827416,22,3
2025-08-14 22:06:01+00:00,0.0,ctdev9306.clonetab.com,0.019500000000213458,0.024638888888916383,0.006820510264536155,-0.7534452929379877,0.000499999999980627,0.026315789472342033,22,3
2025-08-14 22:07:01+00:00,0.0,ctdev9306.clonetab.com,0.02533333333315868,0.024736111111107878,0.006821482085617167,0.08755008648474738,0.005833333332945223,0.2991452991221215,22,3
2025-08-14 22:08:01+00:00,0.0,ctdev9306.clonetab.com,0.023166666666414426,0.024541666666644025,0.0068309770512050925,-0.20128862636140227,-0.0021666666667442547,-0.08552631579312597,22,3
2025-08-14 22:09:01+00:00,0.0,ctdev9306.clonetab.com,0.024166666666860737,0.024513888888880803,0.006831839575536121,-0.05082404379385343,0.0010000000004463105,0.04316546764563456,22,3
2025-08-14 22:10:01+00:00,0.0,ctdev9306.clonetab.com,0.020666666666511402,0.0241111111110917,0.006910442008557293,-0.49843981845398855,-0.003500000000349335,-0.14482758622018876,22,3
2025-08-14 22:11:01+00:00,0.0,ctdev9306.clonetab.com,0.021500000000135855,0.02370833333334303,0.006910000438499329,-0.31958465951127635,0.0008333333336244531,0.04032258065955063,22,3
2025-08-14 22:12:01+00:00,0.0,ctdev9306.clonetab.com,0.021333333333313886,0.023180555555558775,0.00682148208562794,-0.2707944536264672,-0.0001666666668219685,-0.00775193799167051,22,3
2025-08-14 22:13:01+00:00,0.0,ctdev9306.clonetab.com,0.021833333333294513,0.021361111111117565,0.002221148730556137,0.21260174506245783,0.000499999999980627,0.023437499999113154,22,3
2025-08-14 22:14:01+00:00,0.0,ctdev9306.clonetab.com,0.018000000000271688,0.02108333333336405,0.002424100374544045,-1.2719442833424253,-0.003833333333022826,-0.17557251907005988,22,3
2025-08-14 22:15:01+00:00,0.0,ctdev9306.clonetab.com,0.019999999999708917,0.021319444444452523,0.0021278081068810263,-0.6200926857783248,0.0019999999994372297,0.11111111107816907,22,3
2025-08-14 22:16:01+00:00,0.0,ctdev9306.clonetab.com,0.017000000000310433,0.0209583333333689,0.002466057459461348,-1.6051196482366579,-0.002999999999398484,-0.14999999997210733,22,3
2025-08-14 22:17:01+00:00,0.0,ctdev9306.clonetab.com,0.0194999999997284,0.020999999999993534,0.002433976668709766,-0.6162728907057939,0.002499999999417968,0.14705882349248922,22,3
2025-08-14 22:18:01+00:00,0.0,ctdev9306.clonetab.com,0.021333333333313886,0.021152777777751902,0.002388374974010936,0.07559734193887852,0.0018333333335854851,0.09401709403133429,22,3
2025-08-14 22:19:01+00:00,0.0,ctdev9306.clonetab.com,0.023166666666899483,0.020972222222230302,0.002109183064250496,1.0404189554117362,0.0018333333335855961,0.08593750001190315,22,3
2025-08-14 22:20:01+00:00,0.0,ctdev9306.clonetab.com,0.018499999999767147,0.02058333333334303,0.002097978825345149,-0.9930145043709392,-0.004666666667132335,-0.2014388489389397,22,3
2025-08-14 22:21:01+00:00,0.0,ctdev9306.clonetab.com,0.022500000000096998,0.020444444444446052,0.0018833847315743429,1.0914098469059073,0.004000000000329851,0.21621621623676734,22,3
2025-08-14 22:22:01+00:00,0.0,ctdev9306.clonetab.com,0.018333333333430346,0.02025000000002263,0.001976503391480422,-0.9697210627835342,-0.004166666666666652,-0.1851851851843862,22,3
2025-08-14 22:23:01+00:00,0.0,ctdev9306.clonetab.com,0.01966666666655026,0.02009722222222383,0.0019416466162619672,-0.22174649835997673,0.0013333333331199126,0.07272727271524682,22,3
2025-08-14 22:24:01+00:00,0.0,ctdev9306.clonetab.com,0.017499999999806004,0.01977777777776484,0.0020329772829605283,-1.1204092603283928,-0.0021666666667442547,-0.11016949153002098,22,3
2025-08-14 22:25:01+00:00,0.0,ctdev9306.clonetab.com,0.016833333333488576,0.019361111111114344,0.0020851002608062736,-1.2122993326253753,-0.0006666666663174281,-0.03809523807570392,22,3
2025-08-14 22:26:01+00:00,0.0,ctdev9306.clonetab.com,0.019833333333372116,0.019513888888872715,0.00204304478330242,0.15635627938622726,0.0029999999998835403,0.17821782177361634,22,3
2025-08-14 22:27:01+00:00,0.0,ctdev9306.clonetab.com,0.020666666666511402,0.019569444444439588,0.0020663957952271866,0.5309810031534403,0.0008333333331392856,0.04201680671282304,22,3
2025-08-14 22:28:01+00:00,0.0,ctdev9306.clonetab.com,0.017166666666647235,0.01958333333330099,0.0020480342879551487,-1.1799875036231045,-0.0034999999998641673,-0.16935483870437718,22,3
2025-08-14 22:29:01+00:00,0.0,ctdev9306.clonetab.com,0.02216666666693834,0.019805555555568483,0.002178676891359919,1.0837312698457877,0.005000000000291105,0.2912621359396175,22,3
2025-08-14 22:30:01+00:00,0.0,ctdev9306.clonetab.com,0.018833333333410973,0.01959722222224324,0.002138462505127421,-0.35721239669936705,-0.0033333333335273663,-0.1503759398565344,22,3
2025-08-14 22:31:01+00:00,0.0,ctdev9306.clonetab.com,0.01966666666655026,0.01930555555554747,0.0018227425963494761,0.19811306906159623,0.0008333333331392856,0.0442477876001337,22,3
2025-08-14 22:32:01+00:00,0.0,ctdev9306.clonetab.com,0.01916666666656963,0.019361111111114344,0.0018060411157857733,-0.10766275818285105,-0.000499999999980627,-0.0254237288127247,22,3
2025-08-14 22:33:01+00:00,0.0,ctdev9306.clonetab.com,0.027166666666744277,0.019750000000001617,0.0027820673949558814,2.6658735951018624,0.008000000000174645,0.41739130435905114,22,3
2025-08-14 22:34:01+00:00,0.0,ctdev9306.clonetab.com,0.023500000000058252,0.020180555555553942,0.002938303583085276,1.1297107509603657,-0.003666666666686025,-0.1349693251537012,22,3
2025-08-14 22:35:01+00:00,0.0,ctdev9306.clonetab.com,0.02200000000011637,0.020375000000017785,0.002978140054141524,0.5456407402436965,-0.0014999999999418812,-0.0638297872314112,22,3
2025-08-14 22:36:01+00:00,0.0,ctdev9306.clonetab.com,0.02383333333321691,0.02090277777780203,0.002983505440562504,0.9822491667287511,0.0018333333331005397,0.08333333332231097,22,3
2025-08-14 22:37:01+00:00,0.0,ctdev9306.clonetab.com,0.027333333333081078,0.02177777777776807,0.003212454718710461,1.7293748077467148,0.0034999999998641673,0.14685314684816486,22,3
2025-08-14 22:38:01+00:00,0.0,ctdev9306.clonetab.com,0.02816666666670542,0.022472222222212512,0.003627778164489613,1.5696739132214599,0.000833333333624342,0.030487804888976733,22,3
2025-08-14 22:39:01+00:00,0.0,ctdev9306.clonetab.com,0.025833333333624364,0.02290277777780526,0.0036998896607544625,0.7920635218581905,-0.0023333333330810557,-0.08284023667731999,22,3
2025-08-14 22:40:01+00:00,0.0,ctdev9306.clonetab.com,0.026499999999941792,0.023680555555579807,0.003348796205640288,0.8419252328227548,0.0006666666663174281,0.02580645159909367,22,3
2025-08-14 22:41:01+00:00,0.0,ctdev9306.clonetab.com,0.02566666666631745,0.023972222222194733,0.0033573628820588405,0.504693551668778,-0.000833333333624342,-0.03144654089155363,22,3
2025-08-14 22:42:01+00:00,0.0,ctdev9306.clonetab.com,0.024500000000019395,0.0244444444444121,0.0029416319710744393,0.018885899831991904,-0.0011666666662980552,-0.04545454544080241,22,3
2025-08-14 22:43:01+00:00,0.0,ctdev9306.clonetab.com,0.023833333333701967,0.024791666666674744,0.0025456687319503537,-0.37645493948034686,-0.0006666666663174281,-0.02721088433946528,22,3
2025-08-14 22:44:01+00:00,0.0,ctdev9306.clonetab.com,0.0226666666664338,0.02508333333333009,0.0019803325911599765,-1.2203275724533795,-0.001166666667268168,-0.0489510489755296,22,3
2025-08-14 22:45:01+00:00,0.0,ctdev9306.clonetab.com,0.025833333333624364,0.024972222222236762,0.0018880717186383167,0.45607724649155257,0.0031666666671905652,0.1397058823774897,22,3
2025-08-14 22:46:01+00:00,0.0,ctdev9306.clonetab.com,0.023333333333236284,0.024958333333334932,0.001900458477366453,-0.8550523302288437,-0.0025000000003880807,-0.09677419356231931,22,3
2025-08-14 22:47:01+00:00,0.0,ctdev9306.clonetab.com,0.026333333333119935,0.025319444444418564,0.0016869348411335798,0.6010207707918093,0.0029999999998836513,0.128571428566977,22,3
2025-08-14 22:48:01+00:00,0.0,ctdev9306.clonetab.com,0.026499999999941792,0.025541666666645636,0.0016485760614089017,0.5813062209668044,0.0001666666668218575,0.006329113929995245,22,3
2025-08-14 22:49:01+00:00,0.0,ctdev9306.clonetab.com,0.025000000000000022,0.025347222222222215,0.0015528701568178053,-0.2235988532004481,-0.0014999999999417701,-0.05660377358283264,22,3
2025-08-14 22:50:01+00:00,0.0,ctdev9306.clonetab.com,0.021833333333294513,0.024819444444437972,0.0015834662357917368,-1.885794711437779,-0.0031666666667055088,-0.12666666666822024,22,3
2025-08-14 22:51:01+00:00,0.0,ctdev9306.clonetab.com,0.02516666666682188,0.0247638888888711,0.0015561191258987408,0.2588331336052568,0.0033333333335273663,0.15267175573434932,22,3
2025-08-14 22:52:01+00:00,0.0,ctdev9306.clonetab.com,0.025833333333139308,0.024708333333304227,0.00149936855394673,0.7503108517017311,0.0006666666663174281,0.02649006621112515,22,3
2025-08-14 22:53:01+00:00,0.0,ctdev9306.clonetab.com,0.027333333333566134,0.024847222222241616,0.0016643291689494315,1.4937526903808962,0.0015000000004268266,0.05806451614599073,22,3
2025-08-14 22:54:01+00:00,0.0,ctdev9306.clonetab.com,0.026333333333119935,0.024999999999999994,0.0017129925377570437,0.7783603956978189,-0.0010000000004461995,-0.036585365869671316,22,3
2025-08-14 22:55:01+00:00,0.0,ctdev9306.clonetab.com,0.0296666666666473,0.025486111111078773,0.002128994562060169,1.963619820299088,0.0033333333335273663,0.12658227848940684,22,3
2025-08-14 22:56:01+00:00,0.0,ctdev9306.clonetab.com,0.024000000000038768,0.02559722222221252,0.0019993159604726647,-0.7988803495534805,-0.005666666666608533,-0.19101123595322134,22,3
2025-08-14 22:57:01+00:00,0.0,ctdev9306.clonetab.com,0.03100000000025227,0.026027777777764844,0.0025384252389791914,1.9587745025502246,0.007000000000213502,0.29166666667509156,22,3
2025-08-14 22:58:01+00:00,0.0,ctdev9306.clonetab.com,0.02683333333310045,0.026319444444420192,0.0023978718820043747,0.21430950896159315,-0.004166666667151819,-0.13440860216509398,22,3
2025-08-14 22:59:01+00:00,0.0,ctdev9306.clonetab.com,0.029166666666666674,0.026555555555549087,0.002534941010388098,1.0300440128497113,0.002333333333566223,0.08695652174856416,22,3
2025-08-14 23:00:01+00:00,0.0,ctdev9306.clonetab.com,0.024000000000038768,0.026347222222223837,0.0026404567378988486,-0.8889421663583881,-0.005166666666627906,-0.1771428571415281,23,3
2025-08-14 23:01:01+00:00,0.0,ctdev9306.clonetab.com,0.02666666666676365,0.026486111111120803,0.0026067689019071963,0.06926385490950032,0.0026666666667248817,0.11111111111335736,23,3
2025-08-14 23:02:01+00:00,0.0,ctdev9306.clonetab.com,0.024000000000038768,0.026666666666682826,0.002313770808374278,-1.1525148177357933,-0.0026666666667248817,-0.10000000000181941,23,3
2025-08-14 23:03:01+00:00,0.0,ctdev9306.clonetab.com,0.02549999999998065,0.026694444444446058,0.0022960586930828803,-0.5202128525439081,0.0014999999999418812,0.06249999999747735,23,3
2025-08-14 23:04:01+00:00,0.0,ctdev9306.clonetab.com,0.02833333333352739,0.02690277777781173,0.002324070720527382,0.6155360883468088,0.0028333333335467392,0.11111111111956418,23,3
2025-08-14 23:05:01+00:00,0.0,ctdev9306.clonetab.com,0.02716666666625922,0.026888888888869488,0.0023217606230492367,0.11964049102530212,-0.001166666667268168,-0.041176470609182725,23,3
2025-08-14 23:06:01+00:00,0.0,ctdev9306.clonetab.com,0.1671666666671323,0.038625000000037185,0.04054627765065744,3.170245024022831,0.1400000000008731,5.153374233238263,23,3
2025-08-14 23:07:01+00:00,0.0,ctdev9306.clonetab.com,0.02399999999955371,0.03815277777777939,0.040692829285158875,-0.34779528847935043,-0.1431666666675786,-0.8564307078794405,23,3
2025-08-14 23:08:01+00:00,0.0,ctdev9306.clonetab.com,0.02549999999998065,0.038277777777774545,0.04064768144367376,-0.3143543292120364,0.0015000000004269376,0.06250000001895128,23,3
2025-08-14 23:09:01+00:00,0.0,ctdev9306.clonetab.com,0.027333333333566134,0.03797222222221736,0.040721078435725026,-0.261262390013073,0.0018333333335854851,0.07189542484654421,23,3
2025-08-14 23:10:01+00:00,0.0,ctdev9306.clonetab.com,0.029166666666666674,0.03816666666668122,0.040668591608833786,-0.2213009457905634,0.0018333333331005397,0.06707317072261931,23,3
2025-08-14 23:11:01+00:00,0.0,ctdev9306.clonetab.com,0.025833333333139308,0.03788888888888727,0.040746960804789005,-0.2958638474870645,-0.0033333333335273663,-0.11428571429236678,23,3
2025-08-14 23:12:01+00:00,0.0,ctdev9306.clonetab.com,0.024166666666860737,0.0379027777777891,0.040741824385029254,-0.3371500404502099,-0.0016666666662785712,-0.06451612901771953,23,3
2025-08-14 23:13:01+00:00,0.0,ctdev9306.clonetab.com,0.025999999999961165,0.03784722222222223,0.040758989733797824,-0.2906651855942679,0.0018333333331004287,0.0758620689552707,23,3
2025-08-14 23:14:01+00:00,0.0,ctdev9306.clonetab.com,0.028833333333507905,0.038250000000011324,0.040633400452523366,-0.23174689403701373,0.0028333333335467392,0.10897435898272967,23,3
2025-08-14 23:15:01+00:00,0.0,ctdev9306.clonetab.com,0.026166666666297966,0.03830555555553777,0.040614834910749985,-0.29887812980487005,-0.002666666667209938,-0.09248554915122986,23,3
2025-08-14 23:16:01+00:00,0.0,ctdev9306.clonetab.com,0.02783333333354676,0.038263888888872714,0.040626250304665316,-0.2567441718018077,0.001666666667248795,0.06369426753906793,23,3
2025-08-14 23:17:01+00:00,0.0,ctdev9306.clonetab.com,0.025833333333139308,0.03815277777777939,0.04066116817868517,-0.3029780492464433,-0.0020000000004074536,-0.07185628743923778,23,3
2025-08-14 23:18:01+00:00,0.0,ctdev9306.clonetab.com,0.02683333333358562,0.026458333333317163,0.0016254370042894685,0.2307057684925135,0.0010000000004463105,0.03870967743692222,23,3
2025-08-14 23:19:01+00:00,0.0,ctdev9306.clonetab.com,0.027499999999902935,0.02675000000001293,0.0014486148033990298,0.517732402572576,0.0006666666663173171,0.024844720483641503,23,3
2025-08-14 23:20:01+00:00,0.0,ctdev9306.clonetab.com,0.023000000000077625,0.02654166666668768,0.0017853571071620932,-1.983719007929783,-0.00449999999982531,-0.16363636363058887,23,3
2025-08-14 23:21:01+00:00,0.0,ctdev9306.clonetab.com,0.02666666666676365,0.026486111111120803,0.0017687785167005822,0.10207865662744507,0.003666666666686025,0.15942028985537604,23,3
2025-08-14 23:22:01+00:00,0.0,ctdev9306.clonetab.com,0.0226666666664338,0.025944444444434733,0.0018658728471403967,-1.7566900210398366,-0.004000000000329851,-0.1500000000118239,23,3
2025-08-14 23:23:01+00:00,0.0,ctdev9306.clonetab.com,0.023166666666899483,0.02572222222224808,0.0020317347582919135,-1.2578132882680855,0.0005000000004656835,0.022058823550183293,23,3
2025-08-14 23:24:01+00:00,0.0,ctdev9306.clonetab.com,0.024333333333197538,0.02573611111110948,0.0020206738717114883,-0.6942094196673175,0.0011666666662980552,0.050359712213798424,23,3
2025-08-14 23:25:01+00:00,0.0,ctdev9306.clonetab.com,0.021833333333294513,0.025388888888887257,0.002308671984104524,-1.540080262276508,-0.0024999999999030242,-0.10273972602398529,23,3
2025-08-14 23:26:01+00:00,0.0,ctdev9306.clonetab.com,0.04633333333331391,0.026847222222204425,0.00646609585631018,3.013577498440312,0.024500000000019395,1.1221374045830363,23,3
2025-08-14 23:27:01+00:00,0.0,ctdev9306.clonetab.com,0.023000000000077625,0.02658333333335273,0.006560326119019244,-0.5462118507749275,-0.023333333333236284,-0.5035971223002749,23,3
2025-08-14 23:28:01+00:00,0.0,ctdev9306.clonetab.com,0.0226666666664338,0.026152777777759983,0.006639892574491046,-0.5250244370631293,-0.000333333333643826,-0.014492753636639155,23,3
2025-08-14 23:29:01+00:00,0.0,ctdev9306.clonetab.com,0.024666666666841253,0.026055555555568478,0.0066535223956497285,-0.20874458951087707,0.0020000000004074536,0.08823529413652942,23,3
2025-08-14 23:30:01+00:00,0.0,ctdev9306.clonetab.com,0.020333333333352743,0.025513888888882407,0.006846239966835111,-0.756699737904039,-0.004333333333488509,-0.17567567568072318,23,3
2025-08-14 23:31:01+00:00,0.0,ctdev9306.clonetab.com,0.023333333333236284,0.025166666666660186,0.0068420122269102004,-0.26795196984500597,0.0029999999998835403,0.1475409836006889,23,3
2025-08-14 23:32:01+00:00,0.0,ctdev9306.clonetab.com,0.027166666666744277,0.025513888888882407,0.0068277724355090726,0.24206655579215747,0.0038333333335079933,0.16428571429388295,23,3
2025-08-14 23:33:01+00:00,0.0,ctdev9306.clonetab.com,0.023333333333236284,0.02523611111108846,0.0068443954560190815,-0.27800483037994816,-0.0038333333335079933,-0.14110429448455375,23,3
2025-08-14 23:34:01+00:00,0.0,ctdev9306.clonetab.com,0.029166666666666674,0.02577777777777453,0.006879677778063945,0.49259341386068417,0.0058333333334303905,0.2500000000051994,23,3
2025-08-14 23:35:01+00:00,0.0,ctdev9306.clonetab.com,0.02699999999992242,0.02609722222219311,0.006836273696047588,0.13205680423286872,-0.0021666666667442547,-0.07428571428837438,23,3
2025-08-14 23:36:01+00:00,0.0,ctdev9306.clonetab.com,0.045000000000193996,0.027819444444442815,0.008700533576312883,1.9746531242628358,0.018000000000271577,0.6666666666786407,23,3
2025-08-14 23:37:01+00:00,0.0,ctdev9306.clonetab.com,0.024333333333197538,0.028027777777768065,0.008573165007741879,-0.43093071601061617,-0.02066666666699646,-0.4592592592646081,23,3
2025-08-14 23:38:01+00:00,0.0,ctdev9306.clonetab.com,0.027500000000388103,0.02645833333335758,0.006354082836081913,0.16393633110227548,0.0031666666671905652,0.13013698632362614,23,3
2025-08-14 23:39:01+00:00,0.0,ctdev9306.clonetab.com,0.02683333333310045,0.02677777777777615,0.00626007605301312,0.008874567354798437,-0.000666666667287652,-0.024242424264663387,23,3
2025-08-14 23:40:01+00:00,0.0,ctdev9306.clonetab.com,0.02666666666676365,0.02711111111113697,0.006126335489731836,-0.07254642186246925,-0.00016666666633680105,-0.0062111801119844046,23,3
2025-08-14 23:41:01+00:00,0.0,ctdev9306.clonetab.com,0.027333333333081078,0.027333333333323623,0.006077778701156149,-3.990687713740146e-11,0.0006666666663174281,0.024999999986812682,23,3
2025-08-14 23:42:01+00:00,0.0,ctdev9306.clonetab.com,0.027333333333566134,0.02791666666667474,0.005666889478760297,-0.10293694731924491,4.850564394587309e-13,1.7746026870213427e-11,23,3
2025-08-14 23:43:01+00:00,0.0,ctdev9306.clonetab.com,0.027333333333081078,0.02824999999999514,0.005487589303549742,-0.1670432945643647,-4.850564394587309e-13,-1.7745915847910965e-11,23,3
2025-08-14 23:44:01+00:00,0.0,ctdev9306.clonetab.com,0.024166666666860737,0.028000000000004844,0.005608435205582435,-0.683493052464621,-0.0031666666662203413,-0.11585365852132556,23,3
2025-08-14 23:45:01+00:00,0.0,ctdev9306.clonetab.com,0.023500000000058252,0.028013888888906675,0.005596020561835581,-0.8066233447030712,-0.0006666666668024845,-0.02758620690195024,23,3
2025-08-14 23:46:01+00:00,0.0,ctdev9306.clonetab.com,0.02416666666637568,0.02759722222221576,0.005687776337378065,-0.6031442379077632,0.0006666666663174281,0.028368794311309564,23,3
2025-08-14 23:47:01+00:00,0.0,ctdev9306.clonetab.com,0.02800000000036862,0.027680555555586277,0.005685556009643937,0.05618516155480305,0.0038333333339929387,0.15862068968437626,23,3
2025-08-14 23:48:01+00:00,0.0,ctdev9306.clonetab.com,0.024000000000038768,0.025930555555573342,0.0017166127284398115,-1.1246242540952487,-0.004000000000329851,-0.14285714286704254,23,3
2025-08-14 23:49:01+00:00,0.0,ctdev9306.clonetab.com,0.02699999999992242,0.026152777777800413,0.001662811197207273,0.5095089138537119,0.0029999999998836513,0.12499999999495026,23,3
2025-08-14 23:50:01+00:00,0.0,ctdev9306.clonetab.com,0.026333333333119935,0.026055555555528066,0.0016101529718015933,0.17251531829791542,-0.0006666666668024845,-0.02469135802979261,23,3
2025-08-14 23:51:01+00:00,0.0,ctdev9306.clonetab.com,0.02383333333321691,0.025805555555537773,0.001708317935405867,-1.1544751926405155,-0.0024999999999030242,-0.09493670885784622,23,3
2025-08-14 23:52:01+00:00,0.0,ctdev9306.clonetab.com,0.023833333333701967,0.025569444444449297,0.0017730563883202627,-0.9791574202656096,4.850564394587309e-13,2.0351942353613595e-11,23,3
2025-08-14 23:53:01+00:00,0.0,ctdev9306.clonetab.com,0.029333333333003475,0.0257361111111095,0.0020294029739720276,1.7725432270462849,0.005499999999301508,0.23076923073635403,23,3
2025-08-14 23:54:01+00:00,0.0,ctdev9306.clonetab.com,0.026166666666783134,0.02563888888887758,0.0019730934196907253,0.267486119905605,-0.0031666666662203413,-0.10795454544054384,23,3
2025-08-14 21:54:01+00:00,1.0,ctdev9306.clonetab.com,1.0,0.35150000000010345,0.5616188654237853,-0.5795745375447489,-0.9714999999996508,-0.9714999999996508,21,3
2025-08-14 21:55:01+00:00,1.0,ctdev9306.clonetab.com,0.028500000000349246,0.35150000000010345,0.5616188654237853,-0.5795745375447489,-0.9714999999996508,-0.9714999999996508,21,3
2025-08-14 21:56:01+00:00,1.0,ctdev9306.clonetab.com,0.025999999999961165,0.35150000000010345,0.5616188654237853,-0.5795745375447489,-0.0025000000003880807,-0.08771929825815594,21,3
2025-08-14 21:57:01+00:00,1.0,ctdev9306.clonetab.com,0.026333333333119935,0.2702083333333576,0.4865290401861221,-0.5012547553058612,0.00033333333315876956,0.012820512813817908,21,3
2025-08-14 21:58:01+00:00,1.0,ctdev9306.clonetab.com,0.024000000000038768,0.2209666666666938,0.43549579663743715,-0.4522814311060301,-0.0023333333330811667,-0.08860759492785097,21,3
2025-08-14 21:59:01+00:00,1.0,ctdev9306.clonetab.com,0.027166666666744277,0.1886666666667022,0.3974732835186505,-0.4063166070109309,0.0031666666667055088,0.13194444444584974,21,3
2025-08-14 22:00:01+00:00,1.0,ctdev9306.clonetab.com,0.024500000000019395,0.16521428571431898,0.3681090533147271,-0.3822624861425681,-0.0026666666667248817,-0.09815950920431649,22,3
2025-08-14 22:01:01+00:00,1.0,ctdev9306.clonetab.com,0.03716666666635626,0.14920833333332362,0.3437965177760278,-0.32589528286323716,0.012666666666336868,0.5170068027072179,22,3
2025-08-14 22:02:01+00:00,1.0,ctdev9306.clonetab.com,0.02200000000011637,0.1350740740740784,0.32437560866043136,-0.34858992960359403,-0.015166666666239892,-0.40807174887084907,22,3
2025-08-14 22:03:01+00:00,1.0,ctdev9306.clonetab.com,0.018833333333410973,0.12345000000001165,0.30802543235146235,-0.33963644648298646,-0.0031666666667053978,-0.143939393940393,22,3
2025-08-14 22:04:01+00:00,1.0,ctdev9306.clonetab.com,0.030333333333449786,0.11498484848486966,0.2935642126855591,-0.2883577377959008,0.011500000000038813,0.6106194690260922,22,3
2025-08-14 22:05:01+00:00,1.0,ctdev9306.clonetab.com,0.022833333333255768,0.10730555555556849,0.28116376867372506,-0.30043778263607007,-0.007500000000194018,-0.24725274725819424,22,3
2025-08-14 22:06:01+00:00,1.0,ctdev9306.clonetab.com,0.021500000000135855,0.02576388888891315,0.004809217965578476,-0.8866056920769019,-0.0013333333331199126,-0.058394160574793075,22,3
2025-08-14 22:07:01+00:00,1.0,ctdev9306.clonetab.com,0.024333333333197538,0.025416666666650507,0.004743682667689729,-0.22837342326828552,0.0028333333330616828,0.13178294572296645,22,3
2025-08-14 22:08:01+00:00,1.0,ctdev9306.clonetab.com,0.024000000000038768,0.025249999999990308,0.0047564416713487285,-0.2628009462350098,-0.00033333333315876956,-0.013698630129888922,22,3
2025-08-14 22:09:01+00:00,1.0,ctdev9306.clonetab.com,0.02200000000011637,0.02488888888890668,0.004830633171149456,-0.5980340063294086,-0.001999999999922397,-0.08333333332996529,22,3
2025-08-14 22:10:01+00:00,1.0,ctdev9306.clonetab.com,0.020166666666530886,0.024569444444447686,0.005017876292905219,-0.8774168087750176,-0.0018333333335854851,-0.083333333344354,22,3
2025-08-14 22:11:01+00:00,1.0,ctdev9306.clonetab.com,0.022500000000096998,0.024180555555560413,0.004978975155786814,-0.3375297380652347,0.002333333333566112,0.11570247935116473,22,3
2025-08-14 22:12:01+00:00,1.0,ctdev9306.clonetab.com,0.023500000000058252,0.02409722222223032,0.004981510426285184,-0.11988753855565881,0.000999999999961254,0.044444444442530706,22,3
2025-08-14 22:13:01+00:00,1.0,ctdev9306.clonetab.com,0.023166666666414426,0.0229305555555685,0.002807330171828358,0.08410491653818815,-0.000333333333643826,-0.014184397176297825,22,3
2025-08-14 22:14:01+00:00,1.0,ctdev9306.clonetab.com,0.0205000000001746,0.022805555555573353,0.0028848553815387533,-0.7991899969242224,-0.0026666666662398253,-0.11510791365189321,22,3
2025-08-14 22:15:01+00:00,1.0,ctdev9306.clonetab.com,0.01966666666655026,0.022875000000001627,0.002788979937366686,-1.1503567260915322,-0.000833333333624342,-0.040650406517914406,22,3
2025-08-14 22:16:01+00:00,1.0,ctdev9306.clonetab.com,0.023333333333236284,0.0222916666666505,0.0015392589716342155,0.6767281649807204,0.003666666666686025,0.18644067796818953,22,3
2025-08-14 22:17:01+00:00,1.0,ctdev9306.clonetab.com,0.022500000000096998,0.02226388888888727,0.0015315838724009258,0.15416039164455647,-0.0008333333331392856,-0.0357142857061179,22,3
2025-08-14 22:18:01+00:00,1.0,ctdev9306.clonetab.com,0.0205000000001746,0.022180555555557164,0.001602489120207687,-1.0487091906576271,-0.001999999999922397,-0.08888888888505664,22,3
2025-08-14 22:19:01+00:00,1.0,ctdev9306.clonetab.com,0.02116666666649203,0.02191666666666504,0.001471102108671747,-0.5098183855275173,0.0006666666663174281,0.03252032518593895,22,3
2025-08-14 22:20:01+00:00,1.0,ctdev9306.clonetab.com,0.02083333333333337,0.021652777777772924,0.0013417505777059244,-0.610723297475768,-0.00033333333315865854,-0.015748031487940573,22,3
2025-08-14 22:21:01+00:00,1.0,ctdev9306.clonetab.com,0.019500000000213458,0.02144444444444768,0.001470815985495743,-1.3220084927849884,-0.0013333333331199126,-0.0639999999897557,22,3
2025-08-14 22:22:01+00:00,1.0,ctdev9306.clonetab.com,0.018999999999747774,0.021347222222215755,0.0015961733490566423,-1.4705216815193625,-0.0005000000004656835,-0.025641025664626116,22,3
2025-08-14 22:23:01+00:00,1.0,ctdev9306.clonetab.com,0.01933333333339149,0.02108333333332363,0.00164915037810962,-1.0611460371962782,0.000333333333643715,0.017543859665691608,22,3
2025-08-14 22:24:01+00:00,1.0,ctdev9306.clonetab.com,0.020000000000193974,0.020791666666668273,0.001484133253791881,-0.533416612211555,0.0006666666668024845,0.034482758627611076,22,3
2025-08-14 22:25:01+00:00,1.0,ctdev9306.clonetab.com,0.02233333333327514,0.02072222222224,0.001378649121650635,1.168607298014463,0.0023333333330811667,0.1166666666529268,22,3
2025-08-14 22:26:01+00:00,1.0,ctdev9306.clonetab.com,0.018999999999747774,0.02059722222220443,0.0014658715705392863,-1.089598405871936,-0.0033333333335273663,-0.14925373135236053,22,3
2025-08-14 22:27:01+00:00,1.0,ctdev9306.clonetab.com,0.021333333333313886,0.020736111111101397,0.0014485421674189894,0.4122890674186846,0.002333333333566112,0.12280701755774137,22,3
2025-08-14 22:28:01+00:00,1.0,ctdev9306.clonetab.com,0.019833333333372116,0.020444444444446052,0.0012109211231070979,-0.5046621557681176,-0.0014999999999417701,-0.07031249999733458,22,3
2025-08-14 22:29:01+00:00,1.0,ctdev9306.clonetab.com,0.024000000000038768,0.0205694444444412,0.0014880981241110099,2.3053133707249738,0.004166666666666652,0.21008403361303385,22,3
2025-08-14 22:30:01+00:00,1.0,ctdev9306.clonetab.com,0.0205000000001746,0.0205694444444412,0.0014880981241110099,-0.04666626244519928,-0.0034999999998641673,-0.14583333332743809,22,3
2025-08-14 22:31:01+00:00,1.0,ctdev9306.clonetab.com,0.019833333333372116,0.020458333333347872,0.001489229005347066,-0.41967743104479077,-0.0006666666668024845,-0.032520325209600354,22,3
2025-08-14 22:32:01+00:00,1.0,ctdev9306.clonetab.com,0.024666666666356196,0.020777777777766442,0.001924500897255705,2.0207154421080147,0.00483333333298408,0.24369747897351068,22,3
2025-08-14 22:33:01+00:00,1.0,ctdev9306.clonetab.com,0.02233333333327514,0.021013888888854915,0.0019272872195967474,0.6846087002067569,-0.0023333333330810557,-0.09459459458555775,22,3
2025-08-14 22:34:01+00:00,1.0,ctdev9306.clonetab.com,0.02516666666682188,0.021527777777777757,0.0021506791660614206,1.6919641138603296,0.0028333333335467392,0.12686567165167717,22,3
2025-08-14 22:35:01+00:00,1.0,ctdev9306.clonetab.com,0.02683333333358562,0.022152777777793935,0.002514059791085112,1.8617444799619036,0.0016666666667637386,0.0662251655663626,22,3
2025-08-14 22:36:01+00:00,1.0,ctdev9306.clonetab.com,0.022833333333255768,0.022388888888882418,0.002424968325709702,0.18327769764427762,-0.004000000000329851,-0.14906832299225747,22,3
2025-08-14 22:37:01+00:00,1.0,ctdev9306.clonetab.com,0.023333333333236284,0.022472222222212512,0.0024400212507091302,0.35290986981150846,0.000499999999980516,0.021897810218199254,22,3
2025-08-14 22:38:01+00:00,1.0,ctdev9306.clonetab.com,0.01933333333339149,0.022500000000016156,0.0023984422554108515,-1.3202958947716146,-0.003999999999844794,-0.1714285714226328,22,3
2025-08-14 22:39:01+00:00,1.0,ctdev9306.clonetab.com,0.025166666666336823,0.022819444444434733,0.0024827265206399047,0.9454173660349239,0.005833333332945334,0.3017241379100579,22,3
2025-08-14 22:40:01+00:00,1.0,ctdev9306.clonetab.com,0.025000000000000022,0.02324999999998706,0.0023629078131032306,0.7406097623491528,-0.00016666666633680105,-0.006622516543270951,22,3
2025-08-14 22:41:01+00:00,1.0,ctdev9306.clonetab.com,0.02600000000044622,0.02341666666668768,0.0024878492598015413,1.0383759947757722,0.0010000000004461995,0.04000000001784798,22,3
2025-08-14 22:42:01+00:00,1.0,ctdev9306.clonetab.com,0.02549999999998065,0.023833333333338185,0.002370909555717826,0.7029621324026153,-0.0005000000004655725,-0.01923076924834577,22,3
2025-08-14 22:43:01+00:00,1.0,ctdev9306.clonetab.com,0.024833333333178165,0.024249999999988687,0.002016973430259819,0.2892107711139379,-0.0006666666668024845,-0.026143790855019278,22,3
2025-08-14 22:44:01+00:00,1.0,ctdev9306.clonetab.com,0.021333333333313886,0.023972222222235162,0.002177517506661294,-1.2118739629458766,-0.0034999999998642783,-0.1409395973108516,22,3
2025-08-14 22:45:01+00:00,1.0,ctdev9306.clonetab.com,0.02383333333321691,0.02409722222223031,0.002117100090886142,-0.12464580380085197,0.0024999999999030242,0.1171874999955611,22,3
2025-08-14 22:46:01+00:00,1.0,ctdev9306.clonetab.com,0.02833333333352739,0.024361111111122435,0.00243587801086831,1.6307080640332858,0.004500000000310478,0.18881118882513825,22,3
2025-08-14 22:47:01+00:00,1.0,ctdev9306.clonetab.com,0.024833333333178165,0.024194444444421814,0.002316861048496487,0.2757550486769437,-0.0035000000003492238,-0.12352941177618537,22,3
2025-08-14 22:48:01+00:00,1.0,ctdev9306.clonetab.com,0.024166666666860737,0.024305555555555563,0.0022772849923103342,-0.06098853647147503,-0.0006666666663174281,-0.026845637569997027,22,3
2025-08-14 22:49:01+00:00,1.0,ctdev9306.clonetab.com,0.027166666666744277,0.024625000000014562,0.0023943589007587285,1.061518409266137,0.0029999999998835403,0.12413793102866677,22,3
2025-08-14 22:50:01+00:00,1.0,ctdev9306.clonetab.com,0.027999999999883562,0.025347222222222233,0.0019114994026947609,1.3877921677610174,0.0008333333331392856,0.030674846618536478,22,3
2025-08-14 22:51:01+00:00,1.0,ctdev9306.clonetab.com,0.027333333333081078,0.025527777777784255,0.0019934657569102374,0.9057323867812272,-0.0006666666668024845,-0.023809523814473432,22,3
2025-08-14 22:52:01+00:00,1.0,ctdev9306.clonetab.com,0.024666666666841253,0.025500000000021023,0.002003784298569444,-0.4158776845381319,-0.0026666666662398253,-0.09756097559504029,22,3
2025-08-14 22:53:01+00:00,1.0,ctdev9306.clonetab.com,0.024166666666860737,0.025347222222222233,0.002031890115392996,-0.581010624694591,-0.000499999999980516,-0.02027027026933692,22,3
2025-08-14 22:54:01+00:00,1.0,ctdev9306.clonetab.com,0.024333333333197538,0.025249999999990308,0.002051729991878512,-0.44677525925373107,0.00016666666633680105,0.006896551710432908,22,3
2025-08-14 22:55:01+00:00,1.0,ctdev9306.clonetab.com,0.025999999999961165,0.025347222222222226,0.0020578236190448474,0.31721601382036374,0.0016666666667636276,0.06849315068929851,22,3
2025-08-14 22:56:01+00:00,1.0,ctdev9306.clonetab.com,0.02699999999992242,0.025819444444439604,0.0016658457574068313,0.7086781374880486,0.000999999999961254,0.03846153846010569,22,3
2025-08-14 22:57:01+00:00,1.0,ctdev9306.clonetab.com,0.02383333333321691,0.025819444444439604,0.0016658457574068313,-1.1922467490909237,-0.0031666666667055088,-0.1172839506190595,22,3
2025-08-14 22:58:01+00:00,1.0,ctdev9306.clonetab.com,0.024000000000038768,0.025458333333315552,0.0015359743394763804,-0.949445444068741,0.0001666666668218575,0.006993006999552742,22,3
2025-08-14 22:59:01+00:00,1.0,ctdev9306.clonetab.com,0.027666666666724904,0.025694444444444447,0.0016450619915515127,1.1988668170202084,0.003666666666686136,0.15277777777834212,22,3
2025-08-14 23:00:01+00:00,1.0,ctdev9306.clonetab.com,0.025833333333139308,0.025833333333300994,0.0015731330123752258,-1.0277936273433277e-10,-0.0018333333335855961,-0.06626506024994228,23,3
2025-08-14 23:01:01+00:00,1.0,ctdev9306.clonetab.com,0.027666666666724904,0.025874999999966047,0.0016176504347892625,1.1075665994095127,0.0018333333335855961,0.07096774194578193,23,3
2025-08-14 23:02:01+00:00,1.0,ctdev9306.clonetab.com,0.02549999999998065,0.025666666666640803,0.0014736747170365277,-0.1130951992196187,-0.0021666666667442547,-0.07831325301468772,23,3
2025-08-14 23:03:01+00:00,1.0,ctdev9306.clonetab.com,0.024000000000038768,0.025388888888887278,0.0014448328925939268,-0.9612732955034561,-0.0014999999999418812,-0.05882352940953017,23,3
2025-08-14 23:04:01+00:00,1.0,ctdev9306.clonetab.com,0.02549999999998065,0.02545833333331556,0.0014268794092316696,0.029201048375239166,0.0014999999999418812,0.06249999999747735,23,3
2025-08-14 23:05:01+00:00,1.0,ctdev9306.clonetab.com,0.02683333333358562,0.025680555555542633,0.001415031736369962,0.8146599131416656,0.001333333333604969,0.052287581710038555,23,3
2025-08-14 23:06:01+00:00,1.0,ctdev9306.clonetab.com,0.028833333333022848,0.026055555555528076,0.0016085838764182253,1.7268359765734713,0.0019999999994372297,0.0745341614690096,23,3
2025-08-14 23:07:01+00:00,1.0,ctdev9306.clonetab.com,0.02600000000044622,0.0260555555555685,0.0016085838764167025,-0.034536719265668314,-0.0028333333325766263,-0.09826589592857116,23,3
2025-08-14 23:08:01+00:00,1.0,ctdev9306.clonetab.com,0.026666666666278593,0.026027777777764844,0.0015936004171238807,0.4009065714234,0.0006666666658323717,0.025641025608497348,23,3
2025-08-14 23:09:01+00:00,1.0,ctdev9306.clonetab.com,0.027000000000407476,0.026291666666697393,0.0014531835479888351,0.4874322038453783,0.00033333333412888244,0.012500000030015057,23,3
2025-08-14 23:10:01+00:00,1.0,ctdev9306.clonetab.com,0.02249999999961194,0.026166666666661825,0.0017100416440624423,-2.144184755928924,-0.004500000000795534,-0.16666666669361563,23,3
2025-08-14 23:11:01+00:00,1.0,ctdev9306.clonetab.com,0.027666666666724904,0.026166666666661825,0.0017100416440624423,0.8771664910070441,0.005166666667112962,0.22962962965342548,23,3
2025-08-14 23:12:01+00:00,1.0,ctdev9306.clonetab.com,0.025333333333643737,0.02612500000003719,0.0017249286327291158,-0.45895352528623984,-0.0023333333330811667,-0.0843373493882984,23,3
2025-08-14 23:13:01+00:00,1.0,ctdev9306.clonetab.com,0.023499999999573196,0.02577777777777455,0.0018039425585432722,-1.2626594681850762,-0.0018333333340705416,-0.07236842108084518,23,3
2025-08-14 23:14:01+00:00,1.0,ctdev9306.clonetab.com,0.024166666666860737,0.025666666666681225,0.0018627122617188006,-0.8052730300417331,0.000666666667287541,0.02836879435317652,23,3
2025-08-14 23:15:01+00:00,1.0,ctdev9306.clonetab.com,0.02233333333327514,0.025527777777784255,0.0020509092999298,-1.5575671088659881,-0.0018333333335855961,-0.07586206897534653,23,3
2025-08-14 23:16:01+00:00,1.0,ctdev9306.clonetab.com,0.024833333333178165,0.025472222222217383,0.0020607360328197036,-0.3100279601970316,0.0024999999999030242,0.11194029850341214,23,3
2025-08-14 23:17:01+00:00,1.0,ctdev9306.clonetab.com,0.02600000000044622,0.0254027777777891,0.0020244195244773274,0.29500766286804464,0.001166666667268057,0.04697986579632274,23,3
2025-08-14 23:18:01+00:00,1.0,ctdev9306.clonetab.com,0.02416666666637568,0.025013888888901836,0.0017327189083620781,-0.48895255249537073,-0.0018333333340705416,-0.07051282053996455,23,3
2025-08-14 23:19:01+00:00,1.0,ctdev9306.clonetab.com,0.02549999999998065,0.02497222222219637,0.0017127468242557852,0.3081451904379971,0.001333333333604969,0.055172413805007814,23,3
2025-08-14 23:20:01+00:00,1.0,ctdev9306.clonetab.com,0.025333333333643737,0.024861111111143464,0.001634281316517998,0.2889461736273458,-0.00016666666633691207,-0.006535947699491729,23,3
2025-08-14 23:21:01+00:00,1.0,ctdev9306.clonetab.com,0.029166666666666674,0.025041666666665064,0.0019760242199067966,2.087514456200143,0.003833333333022937,0.15131578945957758,23,3
2025-08-14 23:22:01+00:00,1.0,ctdev9306.clonetab.com,0.02299999999959257,0.025083333333330116,0.0019220937658978026,-1.0838818229797473,-0.0061666666670741055,-0.21142857144254068,23,3
2025-08-14 23:23:01+00:00,1.0,ctdev9306.clonetab.com,0.027666666666724904,0.025083333333330116,0.0019220937658978026,1.3440134602660898,0.004666666667132335,0.2028985507484784,23,3
2025-08-14 23:24:01+00:00,1.0,ctdev9306.clonetab.com,0.02933333333348853,0.025416666666650517,0.00228245393385546,1.7159818425792672,0.0016666666667636276,0.06024096385879951,23,3
2025-08-14 23:25:01+00:00,1.0,ctdev9306.clonetab.com,0.026333333333119935,0.025652777777779412,0.002211606588906548,0.3077185976783609,-0.0030000000003685967,-0.10227272728475201,23,3
2025-08-14 23:26:01+00:00,1.0,ctdev9306.clonetab.com,0.02650000000042685,0.025847222222243255,0.0021712752076686274,0.30064119438482284,0.00016666666730691393,0.006329113948415177,23,3
2025-08-14 23:27:01+00:00,1.0,ctdev9306.clonetab.com,0.023333333333236284,0.02593055555557335,0.002039333340061116,-1.273558096528871,-0.0031666666671905652,-0.11949685536375687,23,3
2025-08-14 23:28:01+00:00,1.0,ctdev9306.clonetab.com,0.023666666666395053,0.025833333333341424,0.00212251042533068,-1.0207989713968537,0.00033333333315876956,0.014285714278292394,23,3
2025-08-14 23:29:01+00:00,1.0,ctdev9306.clonetab.com,0.027333333333566134,0.02594444444443475,0.002166472407911518,0.6410801601986091,0.0036666666671710813,0.15492957748788005,23,3
2025-08-14 23:30:01+00:00,1.0,ctdev9306.clonetab.com,0.028333333333042332,0.02629166666665697,0.0021894201530283605,0.9325105272535793,0.0009999999994761977,0.03658536583418348,23,3
2025-08-14 23:31:01+00:00,1.0,ctdev9306.clonetab.com,0.027000000000407476,0.02641666666669254,0.002182922700330974,0.2672246073488622,-0.0013333333326348562,-0.04705882350524293,23,3
2025-08-14 23:32:01+00:00,1.0,ctdev9306.clonetab.com,0.023666666666395053,0.02627777777775515,0.0023075779132186794,-1.1315326694175898,-0.0033333333340124227,-0.12345679014674504,23,3
2025-08-14 23:33:01+00:00,1.0,ctdev9306.clonetab.com,0.02816666666670542,0.026194444444425046,0.002209750355507441,0.8925050254272845,0.004500000000310367,0.1901408450857187,23,3
2025-08-14 23:34:01+00:00,1.0,ctdev9306.clonetab.com,0.024166666666860737,0.026291666666697393,0.0020781754333229546,-1.022526655111256,-0.003999999999844683,-0.14201183431381703,23,3
2025-08-14 23:35:01+00:00,1.0,ctdev9306.clonetab.com,0.023666666666395053,0.02595833333333657,0.0021568835075445824,-1.062484846342906,-0.0005000000004656835,-0.02068965519151733,23,3
2025-08-14 23:36:01+00:00,1.0,ctdev9306.clonetab.com,0.030666666666608444,0.026069444444429896,0.0023703325571122367,1.9394758822451785,0.007000000000213391,0.29577464789973495,23,3
2025-08-14 23:37:01+00:00,1.0,ctdev9306.clonetab.com,0.026499999999941792,0.02608333333333172,0.0023725066657700696,0.17562222960184387,-0.004166666666666652,-0.1358695652176488,23,3
2025-08-14 23:38:01+00:00,1.0,ctdev9306.clonetab.com,0.02650000000042685,0.02608333333333172,0.0023725066657700696,0.17562222980629194,4.850564394587309e-13,1.830402496239003e-11,23,3
2025-08-14 23:39:01+00:00,1.0,ctdev9306.clonetab.com,0.02566666666631745,0.02627777777775515,0.002217165964953453,-0.2756258957779789,-0.0008333333341093985,-0.03144654090928212,23,3
2025-08-14 23:40:01+00:00,1.0,ctdev9306.clonetab.com,0.025333333333643737,0.02641666666669254,0.002087117774873659,-0.5190546290891944,-0.0003333333326737131,-0.012987012961490185,23,3
2025-08-14 23:41:01+00:00,1.0,ctdev9306.clonetab.com,0.024666666666356196,0.026194444444425046,0.0021223121246396128,-0.7198614010247284,-0.000666666667287541,-0.026315789497869946,23,3
2025-08-14 23:42:01+00:00,1.0,ctdev9306.clonetab.com,0.02666666666676365,0.026055555555568488,0.0020217670706218997,0.302264339661931,0.0020000000004074536,0.08108108109862,23,3
2025-08-14 23:43:01+00:00,1.0,ctdev9306.clonetab.com,0.027166666666744277,0.02606944444442989,0.002029402974086603,0.5406599032945597,0.000499999999980627,0.018749999999205347,23,3
2025-08-14 23:44:01+00:00,1.0,ctdev9306.clonetab.com,0.021666666666472656,0.025902777777769687,0.0023077147003769697,-1.8356223819093576,-0.005500000000271621,-0.2024539877394813,23,3
2025-08-14 23:45:01+00:00,1.0,ctdev9306.clonetab.com,0.02633333333360499,0.02575000000001132,0.002202500874303577,0.26484924110902247,0.004666666667132335,0.21538461540803633,23,3
2025-08-14 23:46:01+00:00,1.0,ctdev9306.clonetab.com,0.02566666666631745,0.025874999999966047,0.002146320553775753,-0.09706488745738785,-0.000666666667287541,-0.025316455719518904,23,3
2025-08-14 23:47:01+00:00,1.0,ctdev9306.clonetab.com,0.021166666666977085,0.025666666666681215,0.0024761488507990172,-1.817330902761772,-0.004499999999340365,-0.17532467530136064,23,3
2025-08-14 23:48:01+00:00,1.0,ctdev9306.clonetab.com,0.025999999999961165,0.02527777777779394,0.001924500897315502,0.37527572495154515,0.00483333333298408,0.2283464566730644,23,3
2025-08-14 23:49:01+00:00,1.0,ctdev9306.clonetab.com,0.02666666666676365,0.025291666666695762,0.0019346977944000887,0.7107016387941135,0.0006666666668024845,0.025641025646287785,23,3
2025-08-14 23:50:01+00:00,1.0,ctdev9306.clonetab.com,0.027833333333061705,0.02540277777774867,0.0020455153376403115,1.1882304807413875,0.0011666666662980552,0.04374999998601803,23,3
2025-08-14 23:51:01+00:00,1.0,ctdev9306.clonetab.com,0.028833333333507905,0.025666666666681204,0.0022741409744611685,1.3924610557471901,0.0010000000004461995,0.035928143728956696,23,3
2025-08-14 23:52:01+00:00,1.0,ctdev9306.clonetab.com,0.024000000000038768,0.02555555555554746,0.0023239348959651447,-0.6693599139159718,-0.004833333333469136,-0.16763005780716322,23,3
2025-08-14 23:53:01+00:00,1.0,ctdev9306.clonetab.com,0.02849999999986419,0.02587500000000646,0.002450649264596129,1.0711403407973705,0.004499999999825421,0.18749999999242295,23,3
2025-08-14 23:54:01+00:00,1.0,ctdev9306.clonetab.com,0.028999999999844817,0.02606944444442989,0.0026067689018269098,1.1242056445067532,0.000499999999980627,0.017543859648526672,23,3
2025-08-14 21:54:01+00:00,2.0,ctdev9306.clonetab.com,1.0,0.35255555555551027,0.5607035593622759,-0.5764582925522093,-0.9716666666664726,-0.9716666666664726,21,3
2025-08-14 21:55:01+00:00,2.0,ctdev9306.clonetab.com,0.02833333333352739,0.35255555555551027,0.5607035593622759,-0.5764582925522093,-0.9716666666664726,-0.9716666666664726,21,3
2025-08-14 21:56:01+00:00,2.0,ctdev9306.clonetab.com,0.029333333333003475,0.35255555555551027,0.5607035593622759,-0.5764582925522093,0.0009999999994760866,0.03529411762832613,21,3
2025-08-14 21:57:01+00:00,2.0,ctdev9306.clonetab.com,0.02666666666676365,0.27108333333332363,0.4859456893141135,-0.5029711488578684,-0.0026666666662398253,-0.09090909089556176,21,3
2025-08-14 21:58:01+00:00,2.0,ctdev9306.clonetab.com,0.027166666666744277,0.22230000000000777,0.4347487524740856,-0.44884160732923295,0.000499999999980627,0.018749999999205347,21,3
2025-08-14 21:59:01+00:00,2.0,ctdev9306.clonetab.com,0.02849999999986419,0.18999999999998382,0.39681850035277877,-0.40698706281756675,0.0013333333331199126,0.049079754593230884,21,3
2025-08-14 22:00:01+00:00,2.0,ctdev9306.clonetab.com,0.025000000000000022,0.16642857142855758,0.36757319574855907,-0.3847630056182679,-0.0034999999998641673,-0.12280701753967882,22,3
2025-08-14 22:01:01+00:00,2.0,ctdev9306.clonetab.com,0.3930000000002717,0.19475000000002185,0.34960755776222047,0.5670643838439051,0.36800000000027167,14.720000000010854,22,3
2025-08-14 22:02:01+00:00,2.0,ctdev9306.clonetab.com,0.01916666666656963,0.17524074074074936,0.33222396761900824,-0.4697857005768687,-0.37383333333370206,-0.9512298558102891,22,3
2025-08-14 22:03:01+00:00,2.0,ctdev9306.clonetab.com,0.018999999999747774,0.1596166666666492,0.31709658000270274,-0.4434505797293591,-0.0001666666668218575,-0.008695652182053926,22,3
2025-08-14 22:04:01+00:00,2.0,ctdev9306.clonetab.com,0.01816666666660849,0.14675757575755458,0.30383241327014693,-0.42322971230957757,-0.0008333333331392856,-0.04385964911317619,22,3
2025-08-14 22:05:01+00:00,2.0,ctdev9306.clonetab.com,0.022500000000096998,0.13640277777776647,0.2919051272672973,-0.390204772838132,0.004333333333488509,0.2385321101010489,22,3
2025-08-14 22:06:01+00:00,2.0,ctdev9306.clonetab.com,0.02516666666682188,0.055166666666668286,0.10646223307222807,-0.28179004249885337,0.0026666666667248817,0.11851851852059503,22,3
2025-08-14 22:07:01+00:00,2.0,ctdev9306.clonetab.com,0.024666666666841253,0.05486111111111111,0.10655147267862913,-0.28337892336364373,-0.000499999999980627,-0.019867549667981876,22,3
2025-08-14 22:08:01+00:00,2.0,ctdev9306.clonetab.com,0.020333333332867687,0.05411111111109979,0.10677892609152215,-0.3163337172537528,-0.004333333333973566,-0.17567567570038767,22,3
2025-08-14 22:09:01+00:00,2.0,ctdev9306.clonetab.com,0.02216666666693834,0.05373611111111435,0.106891913177341,-0.29533984894069265,0.0018333333340706526,0.09016393446455595,22,3
2025-08-14 22:10:01+00:00,2.0,ctdev9306.clonetab.com,0.02233333333327514,0.05333333333332526,0.107010171328225,-0.289692061215801,0.00016666666633680105,0.007518796977507902,22,3
2025-08-14 22:11:01+00:00,2.0,ctdev9306.clonetab.com,0.02233333333327514,0.05281944444444284,0.10715497740898786,-0.28450482659111964,0.0,0.0,22,3
2025-08-14 22:12:01+00:00,2.0,ctdev9306.clonetab.com,0.024166666666860737,0.05275000000001456,0.10717491367493666,-0.26669795837548305,0.0018333333335855961,0.08208955225031511,22,3
2025-08-14 22:13:01+00:00,2.0,ctdev9306.clonetab.com,0.019999999999708917,0.021666666666634332,0.0023257452375158635,-0.7166130984211304,-0.004166666667151819,-0.172413793122139,22,3
2025-08-14 22:14:01+00:00,2.0,ctdev9306.clonetab.com,0.021000000000155228,0.021819444444433133,0.0022035993667243207,-0.3718646583427872,0.0010000000004463105,0.05000000002304317,22,3
2025-08-14 22:15:01+00:00,2.0,ctdev9306.clonetab.com,0.019833333333372116,0.021888888888901826,0.002118143523717027,-0.9704469163890124,-0.0011666666667831116,-0.05555555556068992,22,3
2025-08-14 22:16:01+00:00,2.0,ctdev9306.clonetab.com,0.01933333333339149,0.021986111111133744,0.0019520234689564629,-1.358981708013645,-0.000499999999980627,-0.0252100840325874,22,3
2025-08-14 22:17:01+00:00,2.0,ctdev9306.clonetab.com,0.018999999999747774,0.021694444444437976,0.002122312124734181,-1.2695737434427767,-0.000333333333643715,-0.017241379326347173,22,3
2025-08-14 22:18:01+00:00,2.0,ctdev9306.clonetab.com,0.023000000000077625,0.021513888888875954,0.0018781819242468618,0.7912456080853337,0.004000000000329851,0.2105263158096291,22,3
2025-08-14 22:19:01+00:00,2.0,ctdev9306.clonetab.com,0.020333333333352743,0.021152777777751913,0.001615046569375354,-0.5073781686273077,-0.0026666666667248817,-0.11594202898764705,22,3
2025-08-14 22:20:01+00:00,2.0,ctdev9306.clonetab.com,0.020166666666530886,0.02113888888889051,0.0016234290516842988,-0.5988658590853513,-0.0001666666668218575,-0.008196721319099876,22,3
2025-08-14 22:21:01+00:00,2.0,ctdev9306.clonetab.com,0.019666666667035315,0.02093055555556526,0.001639873013946251,-0.7707189340832886,-0.0004999999994955706,-0.02479338840490597,22,3
2025-08-14 22:22:01+00:00,2.0,ctdev9306.clonetab.com,0.021666666666472656,0.020874999999998384,0.0015988079524637126,0.4951574788451342,0.0019999999994373407,0.1016949152237212,22,3
2025-08-14 22:23:01+00:00,2.0,ctdev9306.clonetab.com,0.01900000000023283,0.02059722222224486,0.0016119163783827387,-0.9908778982911972,-0.0026666666662398253,-0.12307692305832474,22,3
2025-08-14 22:24:01+00:00,2.0,ctdev9306.clonetab.com,0.018999999999747774,0.020166666666652112,0.0012123105912903286,-0.962341706711919,-4.850564394587309e-13,-2.5529245384348087e-11,22,3
2025-08-14 22:25:01+00:00,2.0,ctdev9306.clonetab.com,0.02116666666649203,0.02026388888888404,0.0012440937907921385,0.7256450661830854,0.0021666666667442547,0.11403508772489568,22,3
2025-08-14 22:26:01+00:00,2.0,ctdev9306.clonetab.com,0.019166666667054688,0.02011111111112566,0.0012579712168473648,-0.7507619600536264,-0.0019999999994373407,-0.0944881889505752,22,3
2025-08-14 22:27:01+00:00,2.0,ctdev9306.clonetab.com,0.021666666666472656,0.02026388888888404,0.001330410306020344,1.0543869266282573,0.002499999999417968,0.1304347825756882,22,3
2025-08-14 22:28:01+00:00,2.0,ctdev9306.clonetab.com,0.02233333333327514,0.020513888888874343,0.0014185964277359752,1.2825575923158192,0.0006666666668024845,0.03076923077577476,22,3
2025-08-14 22:29:01+00:00,2.0,ctdev9306.clonetab.com,0.020333333333352743,0.02062500000000809,0.0013392388158420543,-0.21778377789489603,-0.001999999999922397,-0.08955223880272878,22,3
2025-08-14 22:30:01+00:00,2.0,ctdev9306.clonetab.com,0.021333333333313886,0.02048611111111111,0.001142517009766819,0.7415336486230525,0.000999999999961143,0.049180327866894524,22,3
2025-08-14 22:31:01+00:00,2.0,ctdev9306.clonetab.com,0.021333333333313886,0.02056944444444121,0.001166576475487228,0.6548069130954371,0.0,0.0,22,3
2025-08-14 22:32:01+00:00,2.0,ctdev9306.clonetab.com,0.02383333333321691,0.020874999999998377,0.0014875323609703794,1.9887388828972252,0.0024999999999030242,0.1171874999955611,22,3
2025-08-14 22:33:01+00:00,2.0,ctdev9306.clonetab.com,0.02483333333366322,0.021305555555550703,0.0018171924917831672,1.9413234320688246,0.0010000000004463105,0.04195804197697317,22,3
2025-08-14 22:34:01+00:00,2.0,ctdev9306.clonetab.com,0.026499999999941792,0.021708333333339797,0.002359298175039462,2.0309626005182007,0.0016666666662785712,0.067114093943212,22,3
2025-08-14 22:35:01+00:00,2.0,ctdev9306.clonetab.com,0.029499999999825333,0.02258333333330584,0.0030956959368144844,2.234277676140267,0.0029999999998835403,0.11320754716566528,22,3
2025-08-14 22:36:01+00:00,2.0,ctdev9306.clonetab.com,0.02549999999998065,0.023124999999991912,0.002978140054048758,0.7974749280211566,-0.003999999999844683,-0.13559322033452093,22,3
2025-08-14 22:37:01+00:00,2.0,ctdev9306.clonetab.com,0.02683333333358562,0.02359722222224971,0.003086675774981607,1.0484096364992619,0.001333333333604969,0.052287581710038555,22,3
2025-08-14 22:38:01+00:00,2.0,ctdev9306.clonetab.com,0.026166666666783134,0.024180555555560413,0.002823475125561329,0.7034253849054253,-0.0006666666668024845,-0.024844720501722373,22,3
2025-08-14 22:39:01+00:00,2.0,ctdev9306.clonetab.com,0.02566666666631745,0.024513888888880814,0.0027344217468300157,0.4215785523895537,-0.0005000000004656835,-0.019108280272488787,22,3
2025-08-14 22:40:01+00:00,2.0,ctdev9306.clonetab.com,0.02216666666693834,0.024500000000019412,0.0027468990781043894,-0.849439594371751,-0.003499999999379111,-0.13636363634130122,22,3
2025-08-14 22:41:01+00:00,2.0,ctdev9306.clonetab.com,0.027166666666744277,0.025069444444468708,0.0025019773324810464,0.8382225581437696,0.0049999999998059375,0.22556390976291696,22,3
2025-08-14 22:42:01+00:00,2.0,ctdev9306.clonetab.com,0.02533333333315868,0.02540277777778911,0.0022081784774743113,-0.031448603839223654,-0.0018333333335855961,-0.06748466258578012,22,3
2025-08-14 22:43:01+00:00,2.0,ctdev9306.clonetab.com,0.026499999999941792,0.025833333333341434,0.0018104634151434144,0.3682278132471494,0.0011666666667831116,0.046052631583861414,22,3
2025-08-14 22:44:01+00:00,2.0,ctdev9306.clonetab.com,0.024500000000019395,0.025888888888908307,0.0017528235998343245,-0.7923677917973433,-0.001999999999922397,-0.07547169811044496,22,3
2025-08-14 22:45:01+00:00,2.0,ctdev9306.clonetab.com,0.024833333333178165,0.025888888888867884,0.0017528235998608792,-0.6021995218333892,0.00033333333315876956,0.013605442169734916,22,3
2025-08-14 22:46:01+00:00,2.0,ctdev9306.clonetab.com,0.023166666666899483,0.02561111111111436,0.0019047168103626332,-1.2833569784999714,-0.0016666666662786822,-0.06711409394452739,22,3
2025-08-14 22:47:01+00:00,2.0,ctdev9306.clonetab.com,0.02549999999998065,0.02527777777779397,0.0014604782206058971,0.1521561208446371,0.0023333333330811667,0.10071942444853454,22,3
2025-08-14 22:48:01+00:00,2.0,ctdev9306.clonetab.com,0.025666666666802507,0.02529166666669579,0.0014635728387827145,0.2562205501252055,0.0001666666668218575,0.006535947718509183,22,3
2025-08-14 22:49:01+00:00,2.0,ctdev9306.clonetab.com,0.025999999999961165,0.025222222222227086,0.0014022588798549367,0.5546566631461858,0.00033333333315865854,0.012987012980138823,22,3
2025-08-14 22:50:01+00:00,2.0,ctdev9306.clonetab.com,0.02566666666631745,0.02518055555552161,0.0013788780633382576,0.35253848642287494,-0.000333333333643715,-0.012820512832469766,22,3
2025-08-14 22:51:01+00:00,2.0,ctdev9306.clonetab.com,0.029166666666666674,0.025472222222217383,0.0017976321874249447,2.055161182961246,0.0035000000003492238,0.13636363637909787,22,3
2025-08-14 22:52:01+00:00,2.0,ctdev9306.clonetab.com,0.026166666666783134,0.02580555555553778,0.0014699572819473498,0.24565928485630606,-0.0029999999998835403,-0.10285714285314995,22,3
2025-08-14 22:53:01+00:00,2.0,ctdev9306.clonetab.com,0.02783333333354676,0.025861111111104656,0.0015371384494672262,1.2830395288923953,0.0016666666667636276,0.06369426751934548,22,3
2025-08-14 22:54:01+00:00,2.0,ctdev9306.clonetab.com,0.02666666666676365,0.0259722222222384,0.0015436957708778159,0.44985544371603836,-0.0011666666667831116,-0.0419161676685329,22,3
2025-08-14 22:55:01+00:00,2.0,ctdev9306.clonetab.com,0.026499999999941792,0.0259722222222384,0.0015436957708778159,0.34189013713622046,-0.0001666666668218575,-0.006250000005796896,22,3
2025-08-14 22:56:01+00:00,2.0,ctdev9306.clonetab.com,0.025999999999961165,0.02609722222223355,0.0014727462379896992,-0.06601379085319176,-0.000499999999980627,-0.018867924527612323,22,3
2025-08-14 22:57:01+00:00,2.0,ctdev9306.clonetab.com,0.022833333333255768,0.02593055555557335,0.001721020271367814,-1.7996326234610729,-0.0031666666667053978,-0.12179487179654336,22,3
2025-08-14 22:58:01+00:00,2.0,ctdev9306.clonetab.com,0.02699999999992242,0.02624999999999193,0.0015033632329735636,0.49887811188911785,0.004166666666666652,0.1824817518254367,22,3
2025-08-14 22:59:01+00:00,2.0,ctdev9306.clonetab.com,0.03550000000007758,0.027083333333333338,0.003038058258177672,2.7704007782210995,0.008500000000155161,0.314814814821466,22,3
2025-08-14 23:00:01+00:00,2.0,ctdev9306.clonetab.com,0.026499999999941792,0.02715277777776161,0.0030121457278573143,-0.2167144851717777,-0.009000000000135788,-0.2535211267638343,23,3
2025-08-14 23:01:01+00:00,2.0,ctdev9306.clonetab.com,0.028833333333507905,0.027388888888890506,0.0030245905753539114,0.4775653540462553,0.002333333333566112,0.08805031447438627,23,3
2025-08-14 23:02:01+00:00,2.0,ctdev9306.clonetab.com,0.023333333333236284,0.027194444444467076,0.00321441932280699,-1.2011809013299721,-0.005500000000271621,-0.19075144509497066,23,3
2025-08-14 23:03:01+00:00,2.0,ctdev9306.clonetab.com,0.028666666666686047,0.027152777777802024,0.0031896758435431554,0.47462006076509744,0.0053333333334497635,0.22857142857736923,23,3
2025-08-14 23:04:01+00:00,2.0,ctdev9306.clonetab.com,0.027499999999902935,0.027263888888895343,0.003175393345081337,0.0743562581973487,-0.0011666666667831116,-0.04069767442263916,23,3
2025-08-14 23:05:01+00:00,2.0,ctdev9306.clonetab.com,0.027333333333566134,0.02722222222223029,0.00317051865670809,0.0350449793603849,-0.00016666666633680105,-0.006060606048632344,23,3
2025-08-14 23:06:01+00:00,2.0,ctdev9306.clonetab.com,0.02449999999953434,0.027041666666627846,0.0032653097058805876,-0.7783821787851776,-0.0028333333340317957,-0.10365853661003643,23,3
2025-08-14 23:07:01+00:00,2.0,ctdev9306.clonetab.com,0.027666666666724904,0.027138888888859774,0.0032650841354170297,0.16164243846455606,0.0031666666671905652,0.1292517007041123,23,3
2025-08-14 23:08:01+00:00,2.0,ctdev9306.clonetab.com,0.02683333333358562,0.027208333333328477,0.0032474737657357754,-0.11547401828439806,-0.0008333333331392856,-0.030120481920633657,23,3
2025-08-14 23:09:01+00:00,2.0,ctdev9306.clonetab.com,0.025000000000000022,0.0273888888888905,0.0030354249643663764,-0.7870005178612481,-0.0018333333335855961,-0.0683229813752183,23,3
2025-08-14 23:10:01+00:00,2.0,ctdev9306.clonetab.com,0.025666666666802507,0.027277777777797173,0.0030750982027700413,-0.523920137035629,0.0006666666668024845,0.02666666667209938,23,3
2025-08-14 23:11:01+00:00,2.0,ctdev9306.clonetab.com,0.028833333333022848,0.02672222222220928,0.0017870653859984476,1.1813217994908933,0.0031666666662203413,0.12337662335858113,23,3
2025-08-14 23:12:01+00:00,2.0,ctdev9306.clonetab.com,0.024166666666860737,0.026527777777785855,0.0019343170608058227,-1.220636964020708,-0.0046666666661621115,-0.16184971096690282,23,3
2025-08-14 23:13:01+00:00,2.0,ctdev9306.clonetab.com,0.027166666666744277,0.02638888888888889,0.0018095333029509552,0.42981993113235184,0.0029999999998835403,0.12413793102866677,23,3
2025-08-14 23:14:01+00:00,2.0,ctdev9306.clonetab.com,0.024666666666356196,0.026499999999982215,0.0016376257759157362,-1.1195000503703896,-0.0025000000003880807,-0.09202453989132287,23,3
2025-08-14 23:15:01+00:00,2.0,ctdev9306.clonetab.com,0.023333333333236284,0.026055555555528066,0.0017178994299217468,-1.5846133532288622,-0.0013333333331199126,-0.05405405404608221,23,3
2025-08-14 23:16:01+00:00,2.0,ctdev9306.clonetab.com,0.04583333333333328,0.02758333333331393,0.005981241721038329,3.0512007939453856,0.022500000000096998,0.9642857142938821,23,3
2025-08-14 23:17:01+00:00,2.0,ctdev9306.clonetab.com,0.03566666666689955,0.02827777777775838,0.0064174373143896755,1.151375075970356,-0.010166666666433732,-0.22181818181309987,23,3
2025-08-14 23:18:01+00:00,2.0,ctdev9306.clonetab.com,0.17649999999994181,0.040944444444459,0.0431522049797125,3.1413348218443167,0.14083333333304227,3.948598130807179,23,3
2025-08-14 23:19:01+00:00,2.0,ctdev9306.clonetab.com,0.02833333333352739,0.04100000000002588,0.043133982009993306,-0.29365857589911615,-0.14816666666641443,-0.839471199243418,23,3
2025-08-14 23:20:01+00:00,2.0,ctdev9306.clonetab.com,0.029166666666666674,0.0411944444444493,0.043069525267092006,-0.2792641644074727,0.0008333333331392856,0.02941176469883211,23,3
2025-08-14 23:21:01+00:00,2.0,ctdev9306.clonetab.com,0.025833333333139308,0.041263888888877574,0.04304170272421721,-0.35850235920227075,-0.0033333333335273663,-0.11428571429236678,23,3
2025-08-14 23:22:01+00:00,2.0,ctdev9306.clonetab.com,0.024833333333178165,0.041194444444408874,0.0430698184261243,-0.379874072154575,-0.000999999999961143,-0.038709677418141464,23,3
2025-08-14 23:23:01+00:00,2.0,ctdev9306.clonetab.com,0.027166666666744277,0.04105555555555233,0.0431159660912949,-0.3221285970518063,0.002333333333566112,0.09395973155358495,23,3
2025-08-14 23:24:01+00:00,2.0,ctdev9306.clonetab.com,0.022833333333255768,0.04094444444441858,0.043165135887993714,-0.4195772014337238,-0.004333333333488509,-0.15950920245924405,23,3
2025-08-14 23:25:01+00:00,2.0,ctdev9306.clonetab.com,0.029166666666666674,0.041111111111078784,0.0431109288760101,-0.27706296257581214,0.0063333333334109065,0.27737226277806215,23,3
2025-08-14 23:26:01+00:00,2.0,ctdev9306.clonetab.com,0.029166666666666674,0.04148611111110465,0.04297423813282713,-0.28667038935411676,0.0,0.0,23,3
2025-08-14 23:27:01+00:00,2.0,ctdev9306.clonetab.com,0.02650000000042685,0.0417500000000372,0.042862211701182394,-0.3557911698074593,-0.0026666666662398253,-0.0914285714139369,23,3
2025-08-14 23:28:01+00:00,2.0,ctdev9306.clonetab.com,0.02549999999998065,0.04005555555559115,0.04308743362077753,-0.3378143220497666,-0.0010000000004461995,-0.03773584907283367,23,3
2025-08-14 23:29:01+00:00,2.0,ctdev9306.clonetab.com,0.02816666666670542,0.039430555555574974,0.04321110140357321,-0.2606711219174548,0.0026666666667247707,0.10457516340105077,23,3
2025-08-14 23:30:01+00:00,2.0,ctdev9306.clonetab.com,0.02449999999953434,0.02676388888887435,0.0021051384145756393,-1.0754058353630949,-0.0036666666671710813,-0.13017751481062856,23,3
2025-08-14 23:31:01+00:00,2.0,ctdev9306.clonetab.com,0.030333333333449786,0.026930555555534547,0.002309902194594023,1.4731199678840134,0.005833333333915447,0.2380952381235233,23,3
2025-08-14 23:32:01+00:00,2.0,ctdev9306.clonetab.com,0.024500000000019395,0.026541666666647274,0.0022919765631597695,-0.8907847451833245,-0.0058333333334303905,-0.19230769231015366,23,3
2025-08-14 23:33:01+00:00,2.0,ctdev9306.clonetab.com,0.025833333333624364,0.026541666666687697,0.0022919765631461415,-0.30904776862697847,0.001333333333604969,0.05442176871852711,23,3
2025-08-14 23:34:01+00:00,2.0,ctdev9306.clonetab.com,0.024333333333197538,0.026500000000022644,0.0023300843181430038,-0.929862216286531,-0.0015000000004268266,-0.05806451614490049,23,3
2025-08-14 23:35:01+00:00,2.0,ctdev9306.clonetab.com,0.027999999999883562,0.026569444444450918,0.0023639317674150995,0.6051568507954046,0.003666666666686025,0.15068493150848572,23,3
2025-08-14 23:36:01+00:00,2.0,ctdev9306.clonetab.com,0.02783333333354676,0.026986111111141835,0.0020676174906958484,0.4097557351202552,-0.00016666666633680105,-0.00595238094062478,23,3
2025-08-14 23:37:01+00:00,2.0,ctdev9306.clonetab.com,0.028999999999844817,0.02697222222224001,0.002052140214876285,0.9881234633338235,0.0011666666662980552,0.04191616765110573,23,3
2025-08-14 23:38:01+00:00,2.0,ctdev9306.clonetab.com,0.022833333333255768,0.026444444444455772,0.002242082966181324,-1.6105982961760759,-0.006166666666589049,-0.212643678159381,23,3
2025-08-14 23:39:01+00:00,2.0,ctdev9306.clonetab.com,0.027999999999883562,0.026569444444410496,0.002286829145862012,0.6255602008832267,0.005166666666627795,0.22627737226184008,23,3
2025-08-14 23:40:01+00:00,2.0,ctdev9306.clonetab.com,0.02549999999998065,0.026569444444410496,0.002286829145862012,-0.46765180068085854,-0.0024999999999029132,-0.08928571428261822,23,3
2025-08-14 23:41:01+00:00,2.0,ctdev9306.clonetab.com,0.02800000000036862,0.026555555555549098,0.002276730481164283,0.6344352625033745,0.0025000000003879697,0.09803921570156349,23,3
2025-08-14 23:42:01+00:00,2.0,ctdev9306.clonetab.com,0.023666666666395053,0.026486111111120824,0.002356442205030887,-1.19647851915113,-0.004333333333973566,-0.15476190478273277,23,3
2025-08-14 23:43:01+00:00,2.0,ctdev9306.clonetab.com,0.024166666666860737,0.0259722222222384,0.0020995830915767418,-0.8599549896698019,0.0005000000004656835,0.02112676058329943,23,3
2025-08-14 23:44:01+00:00,2.0,ctdev9306.clonetab.com,0.023333333333236284,0.025875000000006476,0.002198627900919927,-1.1560187631199934,-0.0008333333336244531,-0.03448275863245909,23,3
2025-08-14 23:45:01+00:00,2.0,ctdev9306.clonetab.com,0.027166666666744277,0.025986111111099802,0.002229800839710551,0.5294420202019114,0.0038333333335079933,0.16428571429388295,23,3
2025-08-14 23:46:01+00:00,2.0,ctdev9306.clonetab.com,0.05066666666680253,0.028180555555566884,0.00740579159570575,3.036283219398452,0.023500000000058252,0.8650306748462988,23,3
2025-08-14 23:47:01+00:00,2.0,ctdev9306.clonetab.com,0.02716666666625922,0.02811111111109819,0.0074115434581349185,-0.12742867607631547,-0.02350000000054331,-0.4638157894831637,23,3
2025-08-14 23:48:01+00:00,2.0,ctdev9306.clonetab.com,0.02783333333354676,0.02811111111109819,0.0074115434581349185,-0.03747902232919073,0.000666666667287541,0.02453987732383589,23,3
2025-08-14 23:49:01+00:00,2.0,ctdev9306.clonetab.com,0.027499999999902935,0.027986111111103034,0.007407837214020833,-0.06562110383162818,-0.000333333333643826,-0.011976047915255195,23,3
2025-08-14 23:50:01+00:00,2.0,ctdev9306.clonetab.com,0.029000000000329873,0.028500000000025876,0.007229638771647976,0.06915965299238505,0.0015000000004269376,0.0545454545611721,23,3
2025-08-14 23:51:01+00:00,2.0,ctdev9306.clonetab.com,0.032499999999708984,0.028875000000011326,0.0073175191054887755,0.4953857985995022,0.003499999999379111,0.12068965514963104,23,3
2025-08-14 23:52:01+00:00,2.0,ctdev9306.clonetab.com,0.027999999999883562,0.02908333333333657,0.00724795338584906,-0.14946727456820622,-0.004499999999825421,-0.1384615384574066,23,3
2025-08-14 23:53:01+00:00,2.0,ctdev9306.clonetab.com,0.027000000000407476,0.029000000000006475,0.007267264362445011,-0.27520634282563633,-0.0009999999994760866,-0.03571428569572299,23,3
2025-08-14 23:54:01+00:00,2.0,ctdev9306.clonetab.com,0.024666666666356196,0.02908333333333657,0.007206023013929411,-0.6129123553060144,-0.0023333333340512796,-0.08641975311170613,23,3
2025-08-14 21:54:01+00:00,3.0,ctdev9306.clonetab.com,1.0,0.3491111111110918,0.5636869288033232,-0.5788279900018724,-0.9754999999999806,-0.9754999999999806,21,3
2025-08-14 21:55:01+00:00,3.0,ctdev9306.clonetab.com,0.024500000000019395,0.3491111111110918,0.5636869288033232,-0.5788279900018724,-0.9754999999999806,-0.9754999999999806,21,3
2025-08-14 21:56:01+00:00,3.0,ctdev9306.clonetab.com,0.022833333333255768,0.3491111111110918,0.5636869288033232,-0.5788279900018724,-0.0016666666667636276,-0.06802721088825747,21,3
2025-08-14 21:57:01+00:00,3.0,ctdev9306.clonetab.com,0.02549999999998065,0.26820833333331395,0.4878623510900629,-0.497493458587447,0.0026666666667248817,0.1167883211708296,21,3
2025-08-14 21:58:01+00:00,3.0,ctdev9306.clonetab.com,0.02383333333321691,0.21933333333329452,0.4364070156784287,-0.44797628932796774,-0.0016666666667637386,-0.06535947712803936,21,3
2025-08-14 21:59:01+00:00,3.0,ctdev9306.clonetab.com,0.025333333333643737,0.1870000000000194,0.39828825407401347,-0.4059036663865479,0.0015000000004268266,0.06293706295527923,21,3
2025-08-14 22:00:01+00:00,3.0,ctdev9306.clonetab.com,0.024333333333197538,0.16376190476190203,0.36874744013101385,-0.378113994765703,-0.0010000000004461995,-0.03947368422765585,22,3
2025-08-14 22:01:01+00:00,3.0,ctdev9306.clonetab.com,0.08716666666684125,0.1541875000000194,0.34246616606723523,-0.19570059181558466,0.06283333333364371,2.5821917808490835,22,3
2025-08-14 22:02:01+00:00,3.0,ctdev9306.clonetab.com,0.01816666666660849,0.13907407407408487,0.323540463199212,-0.373701027917551,-0.06900000000023276,-0.791586998089039,22,3
2025-08-14 22:03:01+00:00,3.0,ctdev9306.clonetab.com,0.017499999999806004,0.12691666666665696,0.30745002856030684,-0.3558843810175314,-0.0006666666668024845,-0.036697247714015724,22,3
2025-08-14 22:04:01+00:00,3.0,ctdev9306.clonetab.com,0.021166666666977085,0.11730303030304973,0.29341031014776653,-0.3276516094855038,0.0036666666671710813,0.20952380955495586,22,3
2025-08-14 22:05:01+00:00,3.0,ctdev9306.clonetab.com,0.02083333333333337,0.10926388888890669,0.2811384275514944,-0.31454452235609387,-0.000333333333643715,-0.015748031510495752,22,3
2025-08-14 22:06:01+00:00,3.0,ctdev9306.clonetab.com,0.026499999999941792,0.02813888888890183,0.018807213495447603,-0.08714145867180988,0.005666666666608422,0.2719999999972038,22,3
2025-08-14 22:07:01+00:00,3.0,ctdev9306.clonetab.com,0.020499999999689544,0.02780555555554101,0.01891272263434268,-0.38627710215633654,-0.006000000000252248,-0.2264150943496388,22,3
2025-08-14 22:08:01+00:00,3.0,ctdev9306.clonetab.com,0.021333333333313886,0.027680555555545855,0.01895348617140363,-0.334883979442718,0.000833333333624342,0.04065040651887619,22,3
2025-08-14 22:09:01+00:00,3.0,ctdev9306.clonetab.com,0.01750000000029106,0.027013888888905057,0.019176540056905892,-0.49612098424282725,-0.003833333333022826,-0.17968749998560873,22,3
2025-08-14 22:10:01+00:00,3.0,ctdev9306.clonetab.com,0.021333333333313886,0.026805555555579803,0.019227746330709703,-0.28460014409096346,0.003833333333022826,0.2190476190262325,22,3
2025-08-14 22:11:01+00:00,3.0,ctdev9306.clonetab.com,0.02416666666637568,0.026708333333307466,0.01923881348853284,-0.13211133562542052,0.002833333333061794,0.13281249998739275,22,3
2025-08-14 22:12:01+00:00,3.0,ctdev9306.clonetab.com,0.021166666666977085,0.02644444444445576,0.019295984474412303,-0.27351675418840626,-0.002999999999398595,-0.12413793101109172,22,3
2025-08-14 22:13:01+00:00,3.0,ctdev9306.clonetab.com,0.019999999999708917,0.020847222222194733,0.002595118118113369,-0.3264664339969997,-0.001166666667268168,-0.05511811026382951,22,3
2025-08-14 22:14:01+00:00,3.0,ctdev9306.clonetab.com,0.020333333333352743,0.021027777777756756,0.002463709666268662,-0.28186828798414326,0.000333333333643826,0.016666666682433773,22,3
2025-08-14 22:15:01+00:00,3.0,ctdev9306.clonetab.com,0.019666666667035315,0.021208333333359197,0.0022519632286990914,-0.6845848106349223,-0.0006666666663174281,-0.03278688522869466,22,3
2025-08-14 22:16:01+00:00,3.0,ctdev9306.clonetab.com,0.021333333333313886,0.0212222222222206,0.0022521968324209552,0.04933432822146787,0.0016666666662785712,0.08474576269054213,22,3
2025-08-14 22:17:01+00:00,3.0,ctdev9306.clonetab.com,0.020499999999689544,0.021194444444416944,0.0022594731365595767,-0.30734659333851105,-0.000833333333624342,-0.039062500013676615,22,3
2025-08-14 22:18:01+00:00,3.0,ctdev9306.clonetab.com,0.16700000000031046,0.032902777777781,0.04225705716775837,3.1733679408031423,0.1465000000006209,7.1463414635531475,22,3
2025-08-14 22:19:01+00:00,3.0,ctdev9306.clonetab.com,0.019333333332906433,0.03280555555554907,0.0422895164155535,-0.31857113012473326,-0.14766666666740402,-0.8842315369289192,22,3
2025-08-14 22:20:01+00:00,3.0,ctdev9306.clonetab.com,0.018833333333410973,0.03259722222222383,0.04235727420950399,-0.3249473885231896,-0.0004999999994954596,-0.025862068939991434,22,3
2025-08-14 22:21:01+00:00,3.0,ctdev9306.clonetab.com,0.019666666667035315,0.03277777777778585,0.04229163618956299,-0.3100165704589239,0.000833333333624342,0.04424778762588888,22,3
2025-08-14 22:22:01+00:00,3.0,ctdev9306.clonetab.com,0.018833333332925917,0.03256944444442019,0.04235924155513988,-0.32427653008962415,-0.0008333333341093985,-0.04237288139459883,22,3
2025-08-14 22:23:01+00:00,3.0,ctdev9306.clonetab.com,0.020166666667015942,0.03223611111114021,0.04244702332990998,-0.2843412954285224,0.0013333333340900255,0.07079646021870101,22,3
2025-08-14 22:24:01+00:00,3.0,ctdev9306.clonetab.com,0.0214999999996508,0.03226388888886302,0.042439229180200884,-0.2536305809703084,0.0013333333326348562,0.06611570244355858,22,3
2025-08-14 22:25:01+00:00,3.0,ctdev9306.clonetab.com,0.018333333333430346,0.032125000000006475,0.04248571506820302,-0.3246188371373242,-0.0031666666662204523,-0.14728682168706442,22,3
2025-08-14 22:26:01+00:00,3.0,ctdev9306.clonetab.com,0.01966666666655026,0.0320694444444396,0.04250296830602737,-0.29180961598943983,0.0013333333331199126,0.07272727271524682,22,3
2025-08-14 22:27:01+00:00,3.0,ctdev9306.clonetab.com,0.019666666667035315,0.0320694444444396,0.04250296830602737,-0.2918096159780275,4.850564394587309e-13,2.4663826536652778e-11,22,3
2025-08-14 22:28:01+00:00,3.0,ctdev9306.clonetab.com,0.018499999999767147,0.031833333333310704,0.04257583845575913,-0.3131665913222685,-0.001166666667268168,-0.059322033927777906,22,3
2025-08-14 22:29:01+00:00,3.0,ctdev9306.clonetab.com,0.02083333333333337,0.03186111111111436,0.0425678800362744,-0.2590632932095911,0.002333333333566223,0.12612612614030216,22,3
2025-08-14 22:30:01+00:00,3.0,ctdev9306.clonetab.com,0.019500000000213458,0.019569444444439605,0.0009305649780925353,-0.07462530785911783,-0.0013333333331199126,-0.0639999999897557,22,3
2025-08-14 22:31:01+00:00,3.0,ctdev9306.clonetab.com,0.02116666666649203,0.019722222222238406,0.0010331215162152011,1.3981225251410736,0.0016666666662785712,0.08547008544924761,22,3
2025-08-14 22:32:01+00:00,3.0,ctdev9306.clonetab.com,0.0205000000001746,0.019861111111135376,0.0010146237132148443,0.6296744142424754,-0.0006666666663174281,-0.03149606297588636,22,3
2025-08-14 22:33:01+00:00,3.0,ctdev9306.clonetab.com,0.025166666666336823,0.0203194444444105,0.0018318979687841535,2.645996580899994,0.0046666666661622225,0.22764227639621826,22,3
2025-08-14 22:34:01+00:00,3.0,ctdev9306.clonetab.com,0.02549999999998065,0.020874999999998395,0.0022930780776645996,2.016930812658795,0.000333333333643826,0.01324503312509373,22,3
2025-08-14 22:35:01+00:00,3.0,ctdev9306.clonetab.com,0.023166666666899483,0.02112499999998869,0.0023710426892087936,0.8610802603429634,-0.0023333333330811667,-0.09150326796403674,22,3
2025-08-14 22:36:01+00:00,3.0,ctdev9306.clonetab.com,0.02849999999986419,0.021708333333339807,0.003190995063375987,2.128378530160966,0.005333333332964707,0.23021582731990398,22,3
2025-08-14 22:37:01+00:00,3.0,ctdev9306.clonetab.com,0.022833333333255768,0.022083333333325256,0.003018043382421218,0.2485045507474846,-0.005666666666608422,-0.1988304093556289,22,3
2025-08-14 22:38:01+00:00,3.0,ctdev9306.clonetab.com,0.025000000000000022,0.022527777777779406,0.00302250258644385,0.817936121526402,0.0021666666667442547,0.09489051095262546,22,3
2025-08-14 22:39:01+00:00,3.0,ctdev9306.clonetab.com,0.024333333333682594,0.02291666666666668,0.0029193710405790354,0.4852626797682193,-0.0006666666663174281,-0.026666666652697124,22,3
2025-08-14 22:40:01+00:00,3.0,ctdev9306.clonetab.com,0.025000000000000022,0.02345833333335275,0.0026122525980459637,0.5901652719755193,0.0006666666663174281,0.027397260259227174,22,3
2025-08-14 22:41:01+00:00,3.0,ctdev9306.clonetab.com,0.023333333333236284,0.023666666666677993,0.0024802248186699635,-0.1343958769276779,-0.0016666666667637386,-0.06666666667054943,22,3
2025-08-14 22:42:01+00:00,3.0,ctdev9306.clonetab.com,0.026499999999941792,0.024249999999988687,0.002220769727278254,1.0131576636421584,0.0031666666667055088,0.13571428571651478,22,3
2025-08-14 22:43:01+00:00,3.0,ctdev9306.clonetab.com,0.02533333333315868,0.024597222222210908,0.0020106513508991127,0.3661039740076588,-0.0011666666667831116,-0.044025157237195245,22,3
2025-08-14 22:44:01+00:00,3.0,ctdev9306.clonetab.com,0.027666666666724904,0.025194444444423435,0.0017274277796336893,1.4311497939021074,0.002333333333566223,0.09210526316772283,22,3
2025-08-14 22:45:01+00:00,3.0,ctdev9306.clonetab.com,0.023333333333236284,0.025041666666665057,0.0018092425447497873,-0.9442204950249383,-0.00433333333348862,-0.15662650602937944,22,3
2025-08-14 22:46:01+00:00,3.0,ctdev9306.clonetab.com,0.02200000000011637,0.0247500000000097,0.0020006312134780904,-1.374559306969632,-0.0013333333331199126,-0.05714285713394818,22,3
2025-08-14 22:47:01+00:00,3.0,ctdev9306.clonetab.com,0.020166666666530886,0.024499999999978983,0.002369844217696159,-1.8285231644589193,-0.0018333333335854851,-0.083333333344354,22,3
2025-08-14 22:48:01+00:00,3.0,ctdev9306.clonetab.com,0.023000000000077625,0.024041666666663436,0.002033960410026626,-0.5121346217480985,0.0028333333335467392,0.14049586778012313,22,3
2025-08-14 22:49:01+00:00,3.0,ctdev9306.clonetab.com,0.02633333333360499,0.024333333333359203,0.0020949675150295933,0.9546641841726574,0.0033333333335273663,0.14492753623983123,22,3
2025-08-14 22:50:01+00:00,3.0,ctdev9306.clonetab.com,0.02549999999998065,0.024375000000024256,0.0021143150860177735,0.5320846862178963,-0.000833333333624342,-0.031645569630977644,22,3
2025-08-14 22:51:01+00:00,3.0,ctdev9306.clonetab.com,0.025833333333139308,0.024499999999978983,0.00215556596896398,0.6185508431888651,0.00033333333315865854,0.01307189541799647,22,3
2025-08-14 22:52:01+00:00,3.0,ctdev9306.clonetab.com,0.027166666666744277,0.024680555555541005,0.0022879331387241977,1.0866140286115573,0.001333333333604969,0.051612903236708974,22,3
2025-08-14 22:53:01+00:00,3.0,ctdev9306.clonetab.com,0.026166666666783134,0.024916666666669907,0.00228245393375995,0.5476537795951395,-0.000999999999961143,-0.036809815949384816,22,3
2025-08-14 22:54:01+00:00,3.0,ctdev9306.clonetab.com,0.026499999999941792,0.024916666666669907,0.00228245393375995,0.6936947873974191,0.00033333333315865854,0.01273885349645254,22,3
2025-08-14 22:55:01+00:00,3.0,ctdev9306.clonetab.com,0.024500000000019395,0.024847222222241633,0.002281301167533572,-0.15220292047999567,-0.001999999999922397,-0.07547169811044496,22,3
2025-08-14 22:56:01+00:00,3.0,ctdev9306.clonetab.com,0.027666666666724904,0.024847222222241633,0.002281301167533572,1.2358877143145266,0.0031666666667055088,0.1292517006817553,22,3
2025-08-14 22:57:01+00:00,3.0,ctdev9306.clonetab.com,0.02699999999992242,0.025152777777798813,0.002305525130643777,0.801211917169011,-0.0006666666668024845,-0.024096385547026977,22,3
2025-08-14 22:58:01+00:00,3.0,ctdev9306.clonetab.com,0.024333333333197538,0.025347222222222243,0.0021051384145178023,-0.48162347226095376,-0.0026666666667248817,-0.09876543210120536,22,3
2025-08-14 22:59:01+00:00,3.0,ctdev9306.clonetab.com,0.02483333333366322,0.02573611111114994,0.0013604409811817382,-0.6635871413040781,0.0005000000004656835,0.02054794522473169,22,3
2025-08-14 23:00:01+00:00,3.0,ctdev9306.clonetab.com,0.028833333333022848,0.026222222222228708,0.0013358561989778987,1.954620240254571,0.003999999999359627,0.16107382547542914,23,3
2025-08-14 23:01:01+00:00,3.0,ctdev9306.clonetab.com,0.025666666666802507,0.02616666666666183,0.0013446489534063959,-0.3718414982421271,-0.0031666666662203413,-0.10982658958107883,23,3
2025-08-14 23:02:01+00:00,3.0,ctdev9306.clonetab.com,0.02533333333315868,0.02615277777776,0.0013529958030006344,-0.605647398395479,-0.000333333333643826,-0.01298701299904137,23,3
2025-08-14 23:03:01+00:00,3.0,ctdev9306.clonetab.com,0.02483333333366322,0.02606944444447033,0.0014042833703586256,-0.8802370906952531,-0.0004999999994954596,-0.01973684208548321,23,3
2025-08-14 23:04:01+00:00,3.0,ctdev9306.clonetab.com,0.027833333333061705,0.02612499999999678,0.0014635728387057607,1.1672269501161936,0.002999999999398484,0.12080536910168993,23,3
2025-08-14 23:05:01+00:00,3.0,ctdev9306.clonetab.com,0.024666666666841253,0.026000000000001623,0.0015225576566379637,-0.8757136849370301,-0.0031666666662204523,-0.11377245507489897,23,3
2025-08-14 23:06:01+00:00,3.0,ctdev9306.clonetab.com,0.04449999999972831,0.027499999999983833,0.0055636809266253456,3.0555255897465576,0.01983333333288706,0.804054054030271,23,3
2025-08-14 23:07:01+00:00,3.0,ctdev9306.clonetab.com,0.027500000000388103,0.027750000000014558,0.005483446162490668,-0.04559168382462303,-0.01699999999934021,-0.38202247189761795,23,3
2025-08-14 23:08:01+00:00,3.0,ctdev9306.clonetab.com,0.02249999999961194,0.027319444444421814,0.00568955197556043,-0.8470677471327043,-0.005000000000776161,-0.1818181818438399,23,3
2025-08-14 23:09:01+00:00,3.0,ctdev9306.clonetab.com,0.028833333333507905,0.027472222222220604,0.005704788584492748,0.23859056391354191,0.006333333333895963,0.281481481511342,23,3
2025-08-14 23:10:01+00:00,3.0,ctdev9306.clonetab.com,0.027333333333081078,0.027722222222210897,0.005619830209318835,-0.06919927874194041,-0.0015000000004268266,-0.052023121401771455,23,3
2025-08-14 23:11:01+00:00,3.0,ctdev9306.clonetab.com,0.029666666667132358,0.028124999999999994,0.005566913893931643,0.27693331119775033,0.0023333333340512796,0.0853658536855908,23,3
2025-08-14 23:12:01+00:00,3.0,ctdev9306.clonetab.com,0.03033333333296473,0.02824999999999515,0.005601000992726592,0.37195665848093695,0.0006666666658323717,0.022471910083884605,23,3
2025-08-14 23:13:01+00:00,3.0,ctdev9306.clonetab.com,0.02633333333360499,0.028305555555562023,0.005576299655183385,-0.35367874883414674,-0.003999999999359738,-0.13186813184862678,23,3
2025-08-14 23:14:01+00:00,3.0,ctdev9306.clonetab.com,0.024666666666356196,0.02824999999999515,0.005611811137397194,-0.6385330618895905,-0.001666666667248795,-0.0632911392619595,23,3
2025-08-14 23:15:01+00:00,3.0,ctdev9306.clonetab.com,0.02633333333360499,0.028374999999990297,0.005545097479766239,-0.36819244240715326,0.001666666667248795,0.06756756759201776,23,3
2025-08-14 23:16:01+00:00,3.0,ctdev9306.clonetab.com,0.03383333333331395,0.02887500000001132,0.0057582286311974795,0.8610850732095315,0.007499999999708962,0.2848101265682883,23,3
2025-08-14 23:17:01+00:00,3.0,ctdev9306.clonetab.com,0.022833333333255768,0.02872222222221253,0.0059025475296458525,-0.9976842850543276,-0.011000000000058185,-0.3251231527112656,23,3
2025-08-14 23:18:01+00:00,3.0,ctdev9306.clonetab.com,0.01966666666655026,0.026652777777781023,0.003871978022324094,-1.8042698146151475,-0.0031666666667055088,-0.13868613138903352,23,3
2025-08-14 23:19:01+00:00,3.0,ctdev9306.clonetab.com,0.02200000000011637,0.026194444444425046,0.004082379810391771,-1.0274482935538563,0.002333333333566112,0.11864406780914871,23,3
2025-08-14 23:20:01+00:00,3.0,ctdev9306.clonetab.com,0.023000000000077625,0.026236111111130517,0.0040436122048808755,-0.8003000644191556,0.000999999999961254,0.045454545452543904,23,3
2025-08-14 23:21:01+00:00,3.0,ctdev9306.clonetab.com,0.024333333333197538,0.025861111111104656,0.003989147736474658,-0.3829825438934041,0.0013333333331199126,0.05797101448327879,23,3
2025-08-14 23:22:01+00:00,3.0,ctdev9306.clonetab.com,0.027333333333566134,0.025861111111145075,0.003989147736490932,0.36905590595073884,0.0030000000003685967,0.12328767124871254,23,3
2025-08-14 23:23:01+00:00,3.0,ctdev9306.clonetab.com,0.024500000000019395,0.02543055555555233,0.0038161395251408133,-0.24384672282949876,-0.0028333333335467392,-0.10365853659229052,23,3
2025-08-14 23:24:01+00:00,3.0,ctdev9306.clonetab.com,0.023666666666395053,0.024875000000004855,0.0035105360896459056,-0.34420095983747123,-0.000833333333624342,-0.03401360545402787,23,3
2025-08-14 23:25:01+00:00,3.0,ctdev9306.clonetab.com,0.024333333333197538,0.024708333333304234,0.003482369012564214,-0.1076850046343947,0.0006666666668024845,0.028169014090569044,23,3
2025-08-14 23:26:01+00:00,3.0,ctdev9306.clonetab.com,0.030500000000271643,0.025194444444463854,0.0038624280147190734,1.3736286603407608,0.0061666666670741055,0.25342465755240484,23,3
2025-08-14 23:27:01+00:00,3.0,ctdev9306.clonetab.com,0.025833333333139308,0.025152777777758383,0.0038517071732679983,0.17668887012373904,-0.004666666667132335,-0.15300546449477948,23,3
2025-08-14 23:28:01+00:00,3.0,ctdev9306.clonetab.com,0.02516666666682188,0.02443055555555071,0.0027233171371391332,0.2702984526656824,-0.0006666666663174281,-0.025806451599578173,23,3
2025-08-14 23:29:01+00:00,3.0,ctdev9306.clonetab.com,0.028833333333507905,0.02493055555557172,0.0029451709605914137,1.3251402308238738,0.003666666666686025,0.14569536423828122,23,3
2025-08-14 23:30:01+00:00,3.0,ctdev9306.clonetab.com,0.027333333333081078,0.02556944444444929,0.0024969257192572927,0.7064214248801135,-0.0015000000004268266,-0.052023121401771455,23,3
2025-08-14 23:31:01+00:00,3.0,ctdev9306.clonetab.com,0.024666666666841253,0.02579166666667636,0.0022575630466242893,-0.4983227459759506,-0.0026666666662398253,-0.09756097559504029,23,3
2025-08-14 23:32:01+00:00,3.0,ctdev9306.clonetab.com,0.02699999999992242,0.026124999999996762,0.0020975274044785458,0.4171558505023109,0.0023333333330811667,0.09459459458370212,23,3
2025-08-14 23:33:01+00:00,3.0,ctdev9306.clonetab.com,0.02533333333315868,0.026208333333326856,0.002038920540407676,-0.4291465465975229,-0.0016666666667637386,-0.061728395065500985,23,3
2025-08-14 23:34:01+00:00,3.0,ctdev9306.clonetab.com,0.02633333333360499,0.026124999999996762,0.002008976069753492,0.10370073578150417,0.0010000000004463105,0.03947368422841602,23,3
2025-08-14 23:35:01+00:00,3.0,ctdev9306.clonetab.com,0.02416666666637568,0.026097222222193118,0.0020356151298056993,-0.9483846153941465,-0.002166666667229311,-0.0822784810331757,23,3
2025-08-14 23:36:01+00:00,3.0,ctdev9306.clonetab.com,0.02666666666676365,0.026347222222223837,0.001888907456924609,0.16911508936971142,0.0025000000003879697,0.10344827587936845,23,3
2025-08-14 23:37:01+00:00,3.0,ctdev9306.clonetab.com,0.024500000000019395,0.026361111111125657,0.0018733017000890678,-0.9934871548700486,-0.0021666666667442547,-0.08125000000261406,23,3
2025-08-14 23:38:01+00:00,3.0,ctdev9306.clonetab.com,0.024833333333178165,0.025888888888867867,0.0013859565003959706,-0.7616025029379355,0.00033333333315876956,0.013605442169734916,23,3
2025-08-14 23:39:01+00:00,3.0,ctdev9306.clonetab.com,0.025833333333624364,0.02588888888890829,0.0013859565003942029,-0.04008434205886211,0.0010000000004461995,0.040268456394058294,23,3
2025-08-14 23:40:01+00:00,3.0,ctdev9306.clonetab.com,0.02699999999992242,0.026041666666666668,0.0014000811665191002,0.6844792369045191,0.0011666666662980552,0.04516129030780314,23,3
2025-08-14 23:41:01+00:00,3.0,ctdev9306.clonetab.com,0.02933333333348853,0.02608333333333172,0.0014949409637062972,2.1739843506969483,0.002333333333566112,0.08641975309528949,23,3
2025-08-14 23:42:01+00:00,3.0,ctdev9306.clonetab.com,0.02699999999992242,0.0260555555555685,0.0014725318904913352,0.6413701711662635,-0.002333333333566112,-0.07954545455296935,23,3
2025-08-14 23:43:01+00:00,3.0,ctdev9306.clonetab.com,0.025166666666336823,0.026097222222193128,0.0014362871842652938,-0.6478851076577932,-0.0018333333335855961,-0.06790123457743935,23,3
2025-08-14 23:44:01+00:00,3.0,ctdev9306.clonetab.com,0.024666666666841253,0.025902777777769698,0.0014606943370725175,-0.8462431989527787,-0.0004999999994955706,-0.019867549649090988,23,3
2025-08-14 23:45:01+00:00,3.0,ctdev9306.clonetab.com,0.02816666666670542,0.026138888888898593,0.001584064158889996,1.2801028073254768,0.0034999999998641673,0.14189189188538087,23,3
2025-08-14 23:46:01+00:00,3.0,ctdev9306.clonetab.com,0.033333333333333326,0.026722222222209286,0.0026153522401953268,2.5277994036613043,0.005166666666627906,0.18343195266109347,23,3
2025-08-14 23:47:01+00:00,3.0,ctdev9306.clonetab.com,0.02933333333348853,0.027152777777802024,0.0025814590790043494,0.8446955934593373,-0.003999999999844794,-0.11999999999534383,23,3
2025-08-14 23:48:01+00:00,3.0,ctdev9306.clonetab.com,0.024333333333197538,0.02695833333333818,0.00270626377808722,-0.9699683828721791,-0.005000000000290994,-0.17045454546356387,23,3
2025-08-14 23:49:01+00:00,3.0,ctdev9306.clonetab.com,0.02666666666676365,0.027138888888900203,0.0025974281504702527,-0.18180306701472762,0.002333333333566112,0.09589041096900552,23,3
2025-08-14 23:50:01+00:00,3.0,ctdev9306.clonetab.com,0.022166666666453283,0.02691666666667313,0.002908104315086386,-1.6333608261471475,-0.004500000000310367,-0.16875000001102503,23,3
2025-08-14 23:51:01+00:00,3.0,ctdev9306.clonetab.com,0.023166666666899483,0.026694444444446058,0.003094336087946586,-1.1400721436067984,0.0010000000004461995,0.04511278197545088,23,3
2025-08-14 23:52:01+00:00,3.0,ctdev9306.clonetab.com,0.0308333333334303,0.027013888888905047,0.0033184960185654207,1.1509529960642917,0.007666666666530819,0.33093525178937155,23,3
2025-08-14 23:53:01+00:00,3.0,ctdev9306.clonetab.com,0.024666666666356196,0.02662499999997735,0.0032953326345126054,-0.5942730546776056,-0.0061666666670741055,-0.20000000001258522,23,3
2025-08-14 23:54:01+00:00,3.0,ctdev9306.clonetab.com,0.025666666666802507,0.026513888888884025,0.0033040060879640197,-0.2564219421230446,0.0010000000004463105,0.04054054055914458,23,3
